,message_id,date,content,sender_name
0,31945,2025-05-23T19:42:04.000Z,[⁣](https://telegra.ph/file/cc9517fd43939f4c89563.jpg)NÃO FIQUEM DE FORA DO MAIOR E MAIS LUCRATIVO TOKEN MEME DE TODOS.,Group Help
1,31941,2025-05-23T13:27:49.000Z,"**NEW** **DROP FROM THE **[RSB.PROMO](https://soundcloud.com/user-584099903/01-levadinsky-descent-001)** RESIDENT 🚨**
**
Levadinsky descent

**https://soundcloud.com/user-584099903/01-levadinsky-descent-001**
**https://soundcloud.com/user-584099903/01-levadinsky-descent-001**
**https://soundcloud.com/user-584099903/01-levadinsky-descent-001

**LISTEN AND ENJOY NOW**",Mention Bot
2,31935,2025-05-23T03:02:45.000Z,"🚀 Get in early or get left behind. 🚀

I call it before it explodes. No noise, no BS—just straight sends.

🔹 Early calls that print
🔹 Narratives before they take off
🔹 We eat first, the rest FOMO in

💰 Join now or watch from the sidelines.

https://t.me/+4urZQYAiJDg4Njhk",Mention Bot
3,31929,2025-05-22T16:57:30.000Z,"**Zeri is about to call the next 50x **

The only channel back in 2023 who **__publicly__** predicted the Solana meme coin explosion—begging everyone to buy SOL at just $20. We all know how that turned out.

With a proven 70% win rate on his public channel, Zeri is now preparing up to drop his next big calls on both SOL and SUI. 

**Don’t miss it and follow **[**HERE:**](https://t.me/+L6lSy40tVyE2ZTAy)

[FOLLOW ZERI HERE NOW ](https://t.me/+L6lSy40tVyE2ZTAy)
[FOLLOW ZERI HERE NOW ](https://t.me/+L6lSy40tVyE2ZTAy)
[FOLLOW ZERI HERE NOW](https://t.me/+L6lSy40tVyE2ZTAy)",Mention Bot
4,31917,2025-05-21T21:14:33.000Z,"**Stake gifts** 💎

**Buy gifts** 🛒

**Roll gifts** 🎲
**
**
Where? [Here 😵‍💫](https://t.me/rollsgame_bot/app?startapp=ref_vGBtRGwqBf)[
](http://t.me/rollsgame_bot)
[@rolls](https://t.me/rollsgame_bot/app?startapp=ref_vGBtRGwqBf)",Mention Bot
5,31913,2025-05-21T13:57:47.000Z,"**🎉 Crypto Madness Start your staking journey now! ! 🎉**

🔹2025 Global blockchain secure, efficient and transparent proof-of-stake network to help users increase their wealth!

🎯 **Enjoy 38.8% daily yield**, real-time credits, and full flexibility.

🔹 If you miss today, you will lose at the starting line! Stake now and achieve financial freedom!

🎁Unlock exciting opportunities. Click the link to get started!

**👉 Registration link:** https://explorestaking.com/#/?ref=975855
**🤖 Telegram bot: **@EOS_Global_Bot

💬 Don't let your funds sit idle!

Start staking on ExploreStaking now and earn daily income! 🚀",Mention Bot
6,31900,2025-05-20T15:10:52.000Z,"**Stake gifts** 💎

**Buy gifts** 🛒

**Roll gifts** 🎲
**
**
Where? [Here 😵‍💫](https://t.me/rollsgame_bot/app?startapp=ref_vGBtRGwqBf)[
](http://t.me/rollsgame_bot)
[@rolls](https://t.me/rollsgame_bot/app?startapp=ref_vGBtRGwqBf)",Mention Bot
7,31887,2025-05-19T13:59:39.000Z,,Luiz Fernando
8,31874,2025-05-18T14:29:14.000Z,"**NEW**[ ](https://on.soundcloud.com/wtYqvmYWy165p93D6)**DROP FROM THE **[**RSB.PROMO**](https://soundcloud.com/user-584099903/01-levadinsky-descent-001)** RESIDENT 🚨**
**
Levadinsky descent

By ****RSB.PROMO****
****www.instagram.com/michael_banshee_****

****https://soundcloud.com/user-584099903/01-levadinsky-descent-001****
****https://soundcloud.com/user-584099903/01-levadinsky-descent-001****
****https://soundcloud.com/user-584099903/01-levadinsky-descent-001**",Mention Bot
9,31854,2025-05-17T00:32:24.000Z,"**GROUP IS NOW FREE FOR THE NEXT 60 MINUTES 🐋**

Join now and enjoy fast signals 🎯

Good analysis and news are shared

https://t.me/+d6tMuMmvqUAyY2Qy

**The link is limited to the first 25 members only, friends**⚠️",Mention Bot
10,31846,2025-05-16T13:25:41.000Z,"**Welcome to **[@MINT](https://t.me/CollectiblesBot?startapp=invite_586401294)** MARKET!** 😎

Telegram-native tokenized IP: stickers, gifts, NFTs & more...

🔔 [Open App and connect your wallet to WIN 1,000 TON](https://t.me/CollectiblesBot?startapp=invite_586401294)",Mention Bot
11,31845,2025-05-16T13:19:21.000Z,,REIS👑📉📈
12,31816,2025-05-14T09:40:11.000Z,"🤖 **About adverstising**: telegra.ph/About-advertising-in-MentionBot-06-25

✏️ Contact: @MentionMan
©️ By Lost+Found

👀 How to remove ads from your chat?

We offer you branded Mention Bot! Meet:
* No ads
* Stable work
* Custom name and profile picture

▶️ START YOUR COPY OF MENTIONBOT HERE

✍ If you paid for custom & ad free mention bot, please contact [@MentionMan](https://t.me/m/YqCmO59AZjhk) to resolve your issues.",Mention Bot
13,31793,2025-05-12T15:45:09.000Z,"**THIS IS CRAZY ALPHA!**

JOIN TO GET UR BAGS UP

https://t.me/calledbymaxi 💰

DROPPING PLAYS DAILY

https://t.me/calledbymaxi 🚀

JOIN OR STAY POOR FOREVER

https://t.me/calledbymaxi 🤑",Mention Bot
14,31778,2025-05-11T13:34:37.000Z,"🐂 **BEST MEMECOIN CALLS IN CRYPTO 📈**

**FREE** **TELEGRAM**

- 650x Return on $CHILLGUY
- 220x Return on $PNUT
- 180x Return on $FRED
- 102x Return on $USACOIN

Making thousands of dollars every day. 💸

Join here: [https://t.me/](https://t.me/+vSwcPZmaDEk4ZjVk)[belfortsalpha](https://t.me/+vSwcPZmaDEk4ZjVk)",Mention Bot
15,31777,2025-05-11T11:52:03.000Z,"🧐**4000X made the last token PUMPED by **[**THIS CHANNEL**](https://t.me/+oBjb9IhrrX1iYWFi)** . This massive community is a true crypto whale, pumping any token and taking it to the top spot on DEX. **[**JOIN HERE**](https://t.me/+oBjb9IhrrX1iYWFi)** for free and earn money from pumps every day!**🧐",Mention Bot
16,31718,2025-05-06T20:19:46.000Z,"**RSB.FASHION**** Serial Red and Serial Digital put up for auction:** 
https://t.me/rsbfashion/122

Reveal date is May 10. Hurry up and get real clothes with NFT! 😉",Mention Bot
17,31683,2025-05-04T01:23:23.000Z,"**Collection realized: **[**RSB Fashion**](https://getgems.io/collection/EQBMVxwqT6YghHOxP2L9fMe5uNbmZ_kjd0sOEt5iGzrYHz5f?filter=%7B%22sort%22%3A%22RarityRankAsc%22%7D)

**First reveal: Limited Collection**. 
__The owner will receive this Shirt via delivery.__

**• Model ""Hunter"" - **[Limited Collection #000](https://getgems.io/collection/EQBMVxwqT6YghHOxP2L9fMe5uNbmZ_kjd0sOEt5iGzrYHz5f/EQBMSmN-g0gNWhZ-AuufhDlW19F9aoJmXn0FuH0k02CnRchJ)
**• Model ""Erector"" -**[ Limited Collection](https://getgems.io/collection/EQBMVxwqT6YghHOxP2L9fMe5uNbmZ_kjd0sOEt5iGzrYHz5f/EQBMSmN-g0gNWhZ-AuufhDlW19F9aoJmXn0FuH0k02CnRchJ)[ #001](https://getgems.io/collection/EQBMVxwqT6YghHOxP2L9fMe5uNbmZ_kjd0sOEt5iGzrYHz5f/EQAEgyn8mH2akQVIoKL-sxlRQMVMaw_FTxA1v_IAPxHSYzDE)
**• Model ""Dry rock"" - **[Limited Collection](https://getgems.io/collection/EQBMVxwqT6YghHOxP2L9fMe5uNbmZ_kjd0sOEt5iGzrYHz5f/EQBMSmN-g0gNWhZ-AuufhDlW19F9aoJmXn0FuH0k02CnRchJ)[ #002](https://getgems.io/collection/EQBMVxwqT6YghHOxP2L9fMe5uNbmZ_kjd0sOEt5iGzrYHz5f/EQBP1d3PNb-nCNh3RPKtHf-Wz0qLdQRjy7v-oa68BDb3UDtW)
**• Model ""Wolverine"" - **[Limited Collection](https://getgems.io/collection/EQBMVxwqT6YghHOxP2L9fMe5uNbmZ_kjd0sOEt5iGzrYHz5f/EQBMSmN-g0gNWhZ-AuufhDlW19F9aoJmXn0FuH0k02CnRchJ)[ #003](https://getgems.io/collection/EQBMVxwqT6YghHOxP2L9fMe5uNbmZ_kjd0sOEt5iGzrYHz5f/EQAHL9m8haab_3LIRG7ak83ILeIIiu9us7IsBV7MqzAOEU3b)
**• Model ""Raver"" - **[Limited Collection](https://getgems.io/collection/EQBMVxwqT6YghHOxP2L9fMe5uNbmZ_kjd0sOEt5iGzrYHz5f/EQBMSmN-g0gNWhZ-AuufhDlW19F9aoJmXn0FuH0k02CnRchJ)[ #004](https://getgems.io/collection/EQBMVxwqT6YghHOxP2L9fMe5uNbmZ_kjd0sOEt5iGzrYHz5f/EQCIQykar63b9Ml8o6zunv78I9Ozx4FXU3VGomwTeBTn-2o1)
**• Model ""Wet rock""** - [Limited Collection #005](https://getgems.io/collection/EQBMVxwqT6YghHOxP2L9fMe5uNbmZ_kjd0sOEt5iGzrYHz5f/EQBlVEfBus5W4P8Fx-lszV7rsnpSX4hUGC_8h8RKu51SkEHN) (not for sale)

__Delivery details, giveaways & reveals will be announced later__",Mention Bot
18,31682,2025-05-04T00:52:49.000Z,"**Hunting the next 10x meme coin?
**
**Join the top auto-alert networks built for real degens 👇**

🔷 [SolHouse Signal – Auto-detects Solana meme rockets](http://t.me/solhousesignal)

🔶 [BscHouse Signal – Spots BSC moonshots in real-time](http://t.me/bschousesignal)

🎯 [Crypto Mafia Plays – The main hub for high-stakes plays  ](http://t.me/cryptomafiaplays)

 **Massive ROI. Fast alerts. Meme madness.

Don't miss the next pump – you're either early... or wrecked.**

[#partner](https://t.me/rsbfashion/120)",Mention Bot
19,31664,2025-05-02T16:02:34.000Z,"**Hunting the next 10x meme coin?
**
**Join the top auto-alert networks built for real degens 👇**

🔷 [SolHouse Signal – Auto-detects Solana meme rockets](http://t.me/solhousesignal)

🔶 [BscHouse Signal – Spots BSC moonshots in real-time](http://t.me/bschousesignal)

🎯 [Crypto Mafia Plays – The main hub for high-stakes plays  ](http://t.me/cryptomafiaplays)

 **Massive ROI. Fast alerts. Meme madness.

Don't miss the next pump – you're either early... or wrecked.**

[#partner](https://t.me/rsbfashion/120)",Mention Bot
20,31655,2025-05-02T03:01:43.000Z,,J. Roberto
21,31629,2025-04-30T02:06:44.000Z,"[**RSB.FASHION**](https://t.me/devochka/109)
__Drop first collection of real custom clothes soon! __

**🙋‍♀ What is it?**
The Underground Fashion Agency × NFT collaboration

🕊️ **How it works?**
Each NFT connected to the real cloth. 

😱 FIRST TIME ON NFT MARKETPLACE
😎 Buy NFT and get it in REALITY 

**Drop & Giveaway starts today! 
Follow to be the first:**
• t.me/devochka
• t.me/devochka
• t.me/devochka",Mention Bot
22,31612,2025-04-28T17:58:57.000Z,"**🔥 WELCOME BONUS UP TO $2000 + 200 FS 😱**

https://t.me/jet_royal_bot?start=ce8QoO9vzYO
https://t.me/jet_royal_bot?start=ce8QoO9vzYO
https://t.me/jet_royal_bot?start=ce8QoO9vzYO
**
Welcome aboard **[**@JetTon**](https://t.me/jet_royal_bot?start=ce8QoO9vzYO)** — the #1 licensed gaming platform with 15,000+ games and sports!**
__One bet, take the Jet 🛫__",Mention Bot
23,31610,2025-04-28T17:02:09.000Z,,Mention Bot
24,31609,2025-04-28T17:02:08.000Z,,Mention Bot
25,31608,2025-04-28T17:02:08.000Z,,Mention Bot
26,31607,2025-04-28T17:02:07.000Z,"🎰 **New hot drops at JetTon Games!** 🎰

Three absolute bangers just dropped — and they’re packing some wild features.

🐕 ** **[**Lucky Dog**](https://t.me/jet_royal_bot?start=ce89AxwY3fc)** (Pragmatic Play)**
**RTP: **96,5%
**Max win:** 1,000x
A classic retro-style slot with random respins, multipliers, and wild upgrades. Fun twist: the cute doggo can pop up anytime and boost your reels with extra wins! 🐶

💀 [**Highway to Hell**](https://t.me/jet_royal_bot?start=ce89AxwY3fc)** (No Limit City)**
**RTP: **96,03%
**Max win:** 20,066x
A wild ride straight through hell: triple bonus modes, raging wilds, crazy reel upgrades. Signature move: ""Inferno Bonus"" with insane unlimited multipliers! 😈 

🐟 [**Big Bass Bonanza 1000**](https://t.me/jet_royal_bot?start=ce89AxwY3fc)** (Pragmatic Play)**
**RTP: **96,51%
**Max win:** 20,000x
The legendary fishing slot — now turbocharged! New ""Super Spins"" feature, even bigger multipliers, and a chance to land single fish paying up to 1,000x! 🎣

📲 **Hit the reels and dive into the action at **[JetTon Games](https://t.me/jet_royal_bot?start=ce89AxwY3fc)**!**",Mention Bot
27,31601,2025-04-28T05:53:41.000Z,"$1000 dollar giveaway! 🎁

Retirements: 

Sign up to https://trade.padre.gg/rk/jr5

Join the TG: https://t.me/JR5sCooks

Show proof of sign up! (Winner will be verified)

Good luck! Winner will be drawn in a few days!",Mention Bot
28,31597,2025-04-28T00:18:43.000Z,"**🔥 WELCOME BONUS UP TO $2000 + 200 FS 😱**

https://t.me/jet_royal_bot?start=ce8QoO9vzYO
https://t.me/jet_royal_bot?start=ce8QoO9vzYO
https://t.me/jet_royal_bot?start=ce8QoO9vzYO
**
Welcome aboard **[**@JetTon**](https://t.me/jet_royal_bot?start=ce8QoO9vzYO)** — the #1 licensed gaming platform with 15,000+ games and sports!**
__One bet, take the Jet 🛫__",Mention Bot
29,31553,2025-04-24T14:16:33.000Z,,Mention Bot
30,31552,2025-04-24T14:16:32.000Z,,Mention Bot
31,31551,2025-04-24T14:16:32.000Z,,Mention Bot
32,31550,2025-04-24T14:16:31.000Z,,Mention Bot
33,31549,2025-04-24T14:16:31.000Z,"**JetTon - one bet, take the Jet 🛫

**🔥 Deposit in crypto, get your __WINNINGS__ and __WITHDRAW TODAY__!

🤖 **Play in Bot:**
 https://t.me/jet_nova_bot?start=ce68sH422Ns 
 https://t.me/jet_nova_bot?start=ce68sH422Ns 
 https://t.me/jet_nova_bot?start=ce68sH422Ns",Mention Bot
34,31541,2025-04-23T23:46:03.000Z,"**Tired of fake OnlyFans girls and soul-draining porn sites?**

**This is real. And it’s personal.**

Hand-picked girls. No scripts. No filters.
Private sessions where __you__ control the vibe.

**Crypto accepted. No ID. No trace.**
Just pure, anonymous pleasure.

You’re not one of many.
You’re the one she remembers.

[Get in – StripSnaps.com](https://stripsnaps.com/)
__(18+ only. Real girls. Real time. You’ve been warned.)

__https://t.me/stripsnaps

[#promo](https://t.me/MentionSponsored/89)",Mention Bot
35,31536,2025-04-23T16:07:37.000Z,"**Welcome aboard **[**@JetTon**](https://jetton.ws/ce68sH422Ns?click_id={click_id})** — the #1 licensed gaming platform with 15,000+ games and sports!**

Waiting for you:
💰 Up to 10% cashback every week.
🚀 Bonus up to 425% to the deposit + 250 free spins on the first 4 deposits!
💎 Top slots, fast and live games with RTP 96%.
👑 Instant payments, VIP club and 24/7 support.

__✈️ __[__jetton.fo__](https://jetton.ws/ce68sH422Ns?click_id={click_id})__ - licensed gaming platform with 10 000+ games and sports.__",Mention Bot
36,31525,2025-04-22T20:01:14.000Z,"🔥 This is officially the best channel to be apart of for the upcoming bull run 🔥

This channel called 👇

$PNUT, $TRUMP, $FARTCOIN, $SUNDOG, $LOFI, $TITCOIN , $ITALIANROT , $POPCAT , $FAT, $PWEASE 

Super early with a total average of 15x per call.

They are just winning on every single call⁉️

**With a 97% **win ratio on his calls, Crypto Chef is one of the most **underrated channels on TG 💵 
**
I strongly advise you to** join** his TG and give him a shot, you won’t regret it. 

He is also hosting a big **giveaway** soon 

I turned** 5 sol into 120** in one week aping his calls

**JOIN NOW OR GAY**🏳️‍🌈👉 

https://t.me/CryptoChefCooks

x.com/ThecryptochefX

[#promo](https://t.me/MentionSponsored/89)",Mention Bot
37,31521,2025-04-22T15:06:47.000Z,"**Hunting the next 10x meme coin?
**
**Join the top auto-alert networks built for real degens 👇**

🔷 [SolHouse Signal – Auto-detects Solana meme rockets](http://t.me/solhousesignal)

🔶 [BscHouse Signal – Spots BSC moonshots in real-time](http://t.me/bschousesignal)

🎯 [Crypto Mafia Plays – The main hub for high-stakes plays  ](http://t.me/cryptomafiaplays)

**Massive ROI. Fast alerts. Meme madness.

Don't miss the next pump – you're either early... or wrecked.**

[#promo](https://t.me/MentionSponsored/89)",Mention Bot
38,31507,2025-04-21T15:25:17.000Z,"🔥 Want to earn money but don't know how? WEEX gives a 50% bonus + access to a private traders' chat! 🔥  

🚀 Especially for you:  

- Deposit + Trading turnover = Bonus up to 1,000 USDT!  
  Just top up your account and trade:  
  - 200 USDT + 10k turnover → 100 USDT  
  - 500 USDT + 100k turnover → 250 USDT  
  - 1k USDT + 500k turnover → 500 USDT  
  Maximum — 30,000 USDT per user!  

🎁 Additional gift:  

Confirm your phone number📲 and email — get 10–100 USDT for free!   

🎯 Want to trade like a pro?  
Free access to a closed trading chat:  

- Author's indicator — entry point, take profits, exits. No emotions, just a system!  
- Daily profit, 24/7 support, AMA sessions with top traders.
- Giveaways, bonuses, start from $10.  

💡 Why is it free?  

We earn when you are successful — from the exchange commission. Your profit = our profit!  

👀 How to get started?  

 1. Register → https://support.weex.com/en/register?vipCode=lj37  

2. Send UID (you will find your personal identifier in your account at personal profile) from the exchange to @traffic_vip — get a link to the chat.  

⚠️ Important:  

- DYOR (Do Your Own Research), but such chances are rare!  

- Hurry to join — the terms of the promotion are limited!  

Don't miss the moment — start with WEEX right now! 🛫

@[promo](https://t.me/MentionSponsored/89)",Mention Bot
39,31482,2025-04-19T13:43:57.000Z,"🗣 **About advertising in ****@MentionBot**
Since the support of our projects requires effort, time and money, and we do not have enough rare support with donations from our users, we launch advertising in @MentionBot.

**We offer promotion for 200 thousands groups with over 60 millions people.**

**Read more: ****https://telegra.ph/About-advertising-in-MentionBot-06-25**",Mention Bot
40,31469,2025-04-18T15:09:10.000Z,"**🚀 Spin, Win, and Grin! 🚀**
**
Ready to turn luck into cash? 💰**
**🎰 1000+ Games**: Slots, Poker, Roulette, Live Dealers, and more!
**🎁 Daily Bonuses**: Claim FREE spins & match deposits up to $500!
**🏆 Big Wins, Fast Payouts**: Secure, instant withdrawals – play with confidence!

[https://win-bet.online/register](https://extr.devs.today/bob?s1=k1-1)
[https://win-bet.online/register](https://extr.devs.today/bob?s1=k1-1)
[https://win-bet.online/register](https://extr.devs.today/bob?s1=k1-1)

⭐️ **Join millions of winners worldwide!** ⭐️
👉 **Download Now**: [[App Store](https://extr.devs.today/bob?s1=k1-2)] | [[Google Play](https://extr.devs.today/bob?s1=k1-2)]
__
🎯 New users get a 200% Welcome Bonus – limited time only!

🔞 Gambling responsibly is a win. 18+ only. T&Cs apply.__",Mention Bot
41,31463,2025-04-18T04:36:06.000Z,"🔥 **Elite Connections for Ambitious Men**  

🚀 **No Random Swipes. No Time Wasters.**  
→ [**DateMe**](https://extr.devs.today/alex?s1=dv-2-0) pairs you with career-driven, relationship-ready women.  
→ **Priority Access** to events, curated matches, and exclusive icebreakers.  

💬 **""Finally met someone who gets my hustle. Thanks, DateMe.""**  
– Ryan, 29, NYC  

**Skip the Chaos. Date Intentionally.**  
👉 **Join Free for 7 Days**: [https://date.me](https://extr.devs.today/alex?s1=dv-2-1)",Mention Bot
42,31459,2025-04-17T22:49:54.000Z,"🗣 **About advertising in ****@MentionBot**
Since the support of our projects requires effort, time and money, and we do not have enough rare support with donations from our users, we launch advertising in @MentionBot.

**We offer promotion for 200 thousands groups with over 60 millions people.**

**Read more: ****https://telegra.ph/About-advertising-in-MentionBot-06-25**",Mention Bot
43,31455,2025-04-17T17:11:57.000Z,"**🚀 Spin, Win, and Grin! 🚀**
**
Ready to turn luck into cash? 💰**
**🎰 1000+ Games**: Slots, Poker, Roulette, Live Dealers, and more!
**🎁 Daily Bonuses**: Claim FREE spins & match deposits up to $500!
**🏆 Big Wins, Fast Payouts**: Secure, instant withdrawals – play with confidence!
[
](https://extr.devs.today/bob?s1=g1)[https://win-bet.online/register](https://extr.devs.today/bob?s1=g3-1)
[https://win-bet.online/register](https://extr.devs.today/bob?s1=g3-1)
[https://win-bet.online/register](https://extr.devs.today/bob?s1=g3-1)

⭐️ **Join millions of winners worldwide!** ⭐️
👉 **Download Now**: [[App Store](https://extr.devs.today/bob?s1=g3-2)] | [[Google Play](https://extr.devs.today/bob?s1=g3-3)]
__
🎯 New users get a 200% Welcome Bonus – limited time only!

🔞 Gambling responsibly is a win. 18+ only. T&Cs apply.__",Mention Bot
44,31450,2025-04-17T09:38:00.000Z,"**🚀 Crypto Madness: Win BIG with Every Bet! 🚀**

**🔥 $10,000 Crypto Giveaway Alert! 🔥**
__Spin, stake, and stack crypto rewards – no luck needed when you’re this loaded!__

**🎰 Exclusive Crypto Games**: Bet in Bitcoin, Ethereum, or Doge!
**💰 Daily Rewards**: Earn +20% crypto bonuses on deposits – yes, FREE coins!
**🏆 Massive Jackpots**: Turn 10into10into10K with our weekly crypto prize pools!

**👉 How to Claim Your Share:**

    **Deposit Crypto** – Get a **200% MATCH** (up to $1,000!).

  **  Play Any Game** – Slots, Blackjack, Dice – every bet counts!

**    Win + Withdraw Instantly** – Crypto payouts in under 60 seconds!

**⚠️ Hurry! Giveaway ends in 48 hours – don’t miss your shot at the moon! 🚀**

**⭐️ Trusted by 500K+ Crypto Gamblers Worldwide ⭐️**
__Fast. Secure. Decentralized.__
__
🔞 18+ only. Gambling responsibly = winning smarter. T&Cs apply.
BTC ● ETH ● USDT ● LTC ● DOGE__
#CryptoCasino #ToTheMoon

**🎯 Ready to gamble like a crypto king?**",Mention Bot
45,31446,2025-04-17T02:03:50.000Z,"**🚀 Spin, Win, and Grin! 🚀**
**
Ready to turn luck into cash? 💰**
**🎰 1000+ Games**: Slots, Poker, Roulette, Live Dealers, and more!
**🎁 Daily Bonuses**: Claim FREE spins & match deposits up to $500!
**🏆 Big Wins, Fast Payouts**: Secure, instant withdrawals – play with confidence!
[
https://win-bet.online/register](https://extr.devs.today/bob?s1=g1)
[https://win-bet.online/register](https://extr.devs.today/bob?s1=g1)
[https://win-bet.online/register](https://extr.devs.today/bob?s1=g1)

⭐️ **Join millions of winners worldwide!** ⭐️
👉 **Download Now**: [[App Store](https://extr.devs.today/bob?s1=g1)] | [[Google Play](https://extr.devs.today/bob?s1=g1)]
__
🎯 New users get a 200% Welcome Bonus – limited time only!

🔞 Gambling responsibly is a win. 18+ only. T&Cs apply.__",Mention Bot
46,31416,2025-04-14T17:34:46.000Z,"✨ **Find Your Perfect Match – No Games, Just Real Connections**  
**For Men 25+ Who Value Quality Over Quantity**  

🌟 **Tired of swiping endlessly?**  
[**DateMe**](https://goo.su/KqOzCrU) is where meaningful relationships begin.  

→ **Advanced Matching Algorithm** connects you with women who share your values, interests, and ambitions.  
→ **Curated Profiles** focus on depth, not just photos.  
→ **Secure & Private** – Your data stays protected.  

**Why DateMe?**  
✔️ **Designed for professionals** – Skip the small talk, meet like-minded adults.  
✔️ **Verified users only** – Authenticity guaranteed.  
✔️ **Date on your terms** – Flexible plans for busy schedules.  

🎯 **""After two weeks on DateMe, I met Sarah. No other app made it this easy.""**  
– James, 32, San Francisco  

**Ready to Upgrade Your Dating Life?**  
**Join 500,000+ men who found love by prioritizing what matters.**  

👉 **Download Now & Get 3 Free Premium Matches**: [https://date.me](https://goo.su/KqOzCrU)  

[**DateMe**](https://goo.su/KqOzCrU)** – Where Real Men Meet Real Women.**",Mention Bot
47,31405,2025-04-13T19:45:07.000Z,"✨ **Find Your Perfect Match – No Games, Just Real Connections**  
**For Men 25+ Who Value Quality Over Quantity**  

🌟 **Tired of swiping endlessly?**  
[**DateMe**](http://bit.ly/4j7OBul) is where meaningful relationships begin.  

→ **Advanced Matching Algorithm** connects you with women who share your values, interests, and ambitions.  
→ **Curated Profiles** focus on depth, not just photos.  
→ **Secure & Private** – Your data stays protected.  

**Why DateMe?**  
✔️ **Designed for professionals** – Skip the small talk, meet like-minded adults.  
✔️ **Verified users only** – Authenticity guaranteed.  
✔️ **Date on your terms** – Flexible plans for busy schedules.  

🎯 **""After two weeks on DateMe, I met Sarah. No other app made it this easy.""**  
– James, 32, San Francisco  

**Ready to Upgrade Your Dating Life?**  
**Join 500,000+ men who found love by prioritizing what matters.**  

👉 **Download Now & Get 3 Free Premium Matches**: [https://date.me](http://bit.ly/4j7OBul)  

[**DateMe**](http://bit.ly/4j7OBul)** – Where Real Men Meet Real Women.**",Mention Bot
48,31378,2025-04-11T17:39:50.000Z,"**🗣 About advertising in **@MentionBot
Since the support of our projects requires effort, time and money, and we do not have enough rare support [with donations](https://t.me/braindevs/97) from our users, we launch advertising in @MentionBot.

Read more: https://telegra.ph/About-advertising-in-MentionBot-06-25",Mention Bot
49,31341,2025-04-08T16:11:37.000Z,,Wally Mach
50,31313,2025-04-06T10:13:31.000Z,"**50000** 𝗥𝘀 𝗙𝗿𝗲𝗲 𝗣𝗮𝘆𝘁𝗺 💰

 𝗝𝗢𝗜𝗡 𝗞𝗥𝗢 👇 𝗝𝗢𝗜𝗡 𝗞𝗥𝗢 👇

[CLICK HERE TO GET RS 5000 PAYTM
CLICK HERE TO GET RS 5000 PAYTM
CLICK HERE TO GET RS 5000 PAYTM](https://t.me/+TFqwguCgMjAyNTBl)

100+ GL WINNER LINK👇
 https://t.me/+37uSg73F6MVkMzk1",Mention Bot
51,31291,2025-04-04T16:33:42.000Z,"**⚡ BIGGEST TECHNO MUSIC GIVEAWAY ⚡**

https://www.instagram.com/reel/DH34T4mMTXZ/?igsh=ZjhhcHdsb3FnbWJ5**

**https://www.instagram.com/reel/DH34T4mMTXZ/?igsh=ZjhhcHdsb3FnbWJ5**

**https://www.instagram.com/reel/DH34T4mMTXZ/?igsh=ZjhhcHdsb3FnbWJ5

RSB.PROMO** : **[ТЕХНОЛОГИЯ](https://www.instagram.com/reel/DH34T4mMTXZ/?igsh=ZjhhcHdsb3FnbWJ5)",Mention Bot
52,31282,2025-04-04T01:33:55.000Z,"**⚡ BIGGEST TECHNO MUSIC GIVEAWAY ⚡**

https://www.instagram.com/reel/DH34T4mMTXZ/?igsh=ZjhhcHdsb3FnbWJ5**

**https://www.instagram.com/reel/DH34T4mMTXZ/?igsh=ZjhhcHdsb3FnbWJ5**

**https://www.instagram.com/reel/DH34T4mMTXZ/?igsh=ZjhhcHdsb3FnbWJ5

RSB.PROMO** : **[ТЕХНОЛОГИЯ](https://www.instagram.com/reel/DH34T4mMTXZ/?igsh=ZjhhcHdsb3FnbWJ5)",Mention Bot
53,31268,2025-04-02T23:23:34.000Z,"$FLOPPA LAUNCH IMMINENT

Floppa was born in the trenches, with one mission, to make them great again.

Best art, website and video content. CEX airdrop collabs prelaunch. IRL marketing campaign and much more. 

AIRDROP FOR NEW TG MEMBERS

t.me/+WSGgwmScp2I0MTg0

[#promo](https://t.me/MentionSponsored/89)",Mention Bot
54,31264,2025-04-02T17:16:46.000Z,"**⚡ BIGGEST TECHNO MUSIC GIVEAWAY ⚡**

**https://www.instagram.com/reel/DH34T4mMTXZ/?igsh=ZjhhcHdsb3FnbWJ5****

****https://www.instagram.com/reel/DH34T4mMTXZ/?igsh=ZjhhcHdsb3FnbWJ5****

****https://www.instagram.com/reel/DH34T4mMTXZ/?igsh=ZjhhcHdsb3FnbWJ5**

RSB.PROMO** : **[ТЕХНОЛОГИЯ](https://www.instagram.com/reel/DH34T4mMTXZ/?igsh=ZjhhcHdsb3FnbWJ5)",Mention Bot
55,31134,2025-03-23T00:07:12.000Z,"FLOPPA TAKING OVER BNB

Floppa was born in BNB trenches, with one mission, to make them great again.

Best art, website and video content, all T1 kols, CEX airdrop collabs prelaunch, MM, IRL marketing campaign and much more. 

AIRDROP FOR NEW TG MEMBERS | 1500 signed up already.

t.me/+WSGgwmScp2I0MTg0

[#promo](https://t.me/MentionSponsored/89)",Mention Bot
56,31074,2025-03-18T02:53:59.000Z,"Floppa was born in the trenches, with one mission, to make them great again.

Best art, website and video content. CEX airdrop collabs prelaunch. IRL marketing campaign and much more. 

AIRDROP FOR NEW TG MEMBERS

t.me/+WSGgwmScp2I0MTg0

[#promo](https://t.me/MentionSponsored/89)",Mention Bot
57,31042,2025-03-15T13:28:58.000Z,"**Join The Secret World of the Elite**

**Power. Wealth. Women. The Life of a True High-Status 1% Man.**

Junaid is a **self-made multi millionaire, model, and entrepreneur**—a man who understands life at the highest level.

**Men:** Learn the mindset and chess moves of a man who commands respect wherever he goes.

**Women:** Get an exclusive look at the kind of man you dream of—a leader, a provider, an icon of success.

This isn’t just another page. It’s a **masterclass in status, success, and attraction.**

**Tap in now:** https://t.me/meninfluencer

[#promo](https://t.me/MentionSponsored/89)",Mention Bot
58,30995,2025-03-11T16:52:35.000Z,"Literally frontrun calls, have access to alpha on cooks and always put community first.

**1 SOL GIVEAWAY FOR NEW MEMBERS**  🎁
https://t.me/frontruncalls

[#promo](https://t.me/MentionSponsored/89)",Mention Bot
59,30978,2025-03-10T09:47:21.000Z,"**🚀 LIFE-CHANGING CALLS – GET IN OR STAY BROKE 💰**

A few right plays can **flip your entire future**, and I’ve been catching them **BEFORE** they send:

💸 **1000X on ****$POPCAT**
💸 **550X on ****$SCF**

While others fumble the bag, **we print daily**. This isn’t hype—it’s **real alpha** that makes people rich.

🔥 **100X+ gems before they explode**
🔥 **Sniper calls that actually make money**
🔥 **Free plays that send HARD**
🔥 **Something MASSIVE coming soon 👀**

You can **keep chasing pumps**… or **finally get ahead**. Your call.

🔗 **Join now before you get left behind**: [https://t.me/alphaplays0](https://t.me/alphaplays0)",Mention Bot
60,30937,2025-03-07T01:52:29.000Z,"🚀 ELITE MEMECOIN CALLS - FREE & WINNING BIG 💎
 • 1000X on $POPCAT 👑
 • 550X on $SCF 🤙
 • 100X on $PJ 🚀🫡

🪄 **I called them all early:**
 • $POPCAT 🐳
 • $SCF 👀
 • $PONKE 😎
 • $PJ super early 🚀
 • And don’t forget $PNUT—850X before anyone knew! 🫡

🔥 **Here’s what you’re getting:**
 • Consistent daily profits in the thousands 💸
 • 90%+ win rate 🥇
 • Exclusive **100X+ and even 1000X gems** in my private alpha group (spots opening soon 🤫)
 • FREE calls + a massive **giveaway** coming soon!

💰 **Don’t miss out on the chance to secure your bag and join the winning team!**

Join here for life-changing plays + a big giveaway 👇👇👇
[https://t.me/alphaplays0](https://t.me/alphaplays0)

[#promo](https://t.me/MentionSponsored/89)",Mention Bot
61,30918,2025-03-05T12:42:05.000Z,[⁣](https://telegra.ph/file/cc9517fd43939f4c89563.jpg)NÃO FIQUEM DE FORA DO MAIOR E MAIS LUCRATIVO TOKEN MEME DE TODOS.,Group Help
62,30915,2025-03-05T07:27:20.000Z,"**🗣 About advertising in **@MentionBot
Since the support of our projects requires effort, time and money, and we do not have enough rare support [with donations](https://t.me/braindevs/97) from our users, we launch advertising in @MentionBot.

Read more: https://telegra.ph/About-advertising-in-MentionBot-06-25",Mention Bot
63,30886,2025-03-03T00:33:43.000Z,"🚀 ELITE MEMECOIN CALLS - FREE & WINNING BIG 💎
 • 1000X on $POPCAT 👑
 • 550X on $SCF 🤙
 • 100X on $PJ 🚀🫡

🪄 **I called them all early:**
 • $POPCAT 🐳
 • $SCF 👀
 • $PONKE 😎
 • $PJ super early 🚀
 • And don’t forget $PNUT—850X before anyone knew! 🫡

🔥 **Here’s what you’re getting:**
 • Consistent daily profits in the thousands 💸
 • 90%+ win rate 🥇
 • Exclusive **100X+ and even 1000X gems** in my private alpha group (spots opening soon 🤫)
 • FREE calls + a massive **giveaway** coming soon!

💰 **Don’t miss out on the chance to secure your bag and join the winning team!**

Join here for life-changing plays + a big giveaway 👇👇👇
[https://t.me/alphaplays0](https://t.me/alphaplays0)

[#promo](https://t.me/MentionSponsored/89)",Mention Bot
64,30833,2025-02-26T16:24:39.000Z,"‼️**JOIN OR RETARDED GAY DUMB NIGGA**‼️

Recap of last 15 calls

$MITCH - 46X
$MLG - 34X
$JELLYBELLY - 33X
$CATRUMP - 6X
$ANA - 3.7X
$ICON - 3.2X
$DDS - 3X
$WHTS - 3X
$STINKY - 4X
$NORMIE - 4X
$DOOMER - 4X
$SHIBA - 2.5X
$MOO - 2X
$GUH - 2X
$TRIM - 2X
$J3FF - 0X
$SENDIT - 0X

If you put only 1,000$ in each call, you would have now 150,000$ 

(P,S, all of those were called in the **PAST MONTH**)

Don't believe me? unlike other fake niggas, you can just check channel history and see everything for yourself.

**JOIN NOW‼️👇**

https://t.me/mduzcasino
https://t.me/mduzcasino
https://t.me/mduzcasino",Mention Bot
65,30830,2025-02-26T11:19:08.000Z,"Literally frontrun calls, have access to alpha on cooks and always put community first.

**1 SOL GIVEAWAY FOR NEW MEMBERS**  🎁
https://t.me/frontruncalls

[#promo](https://t.me/MentionSponsored/89)",Mention Bot
66,30827,2025-02-26T08:32:38.000Z,"Yo, you HAVE to check this out—DeFAI is dropping a MASSIVE $DEFAI airdrop for top AI communities, and it’s happening RIGHT NOW! 🚀 Just hold specific crypto tokens, and you could score big before their trading platform launches on February 27, 2025. This is your chance to jump into the future of DeFi and AI—don’t sleep on it! 

Details: https://x.com/trydefdotai/status/1893724365281435682

#DeFAI #CryptoAirdrop

[#promo](https://t.me/MentionSponsored/89)",Mention Bot
67,30775,2025-02-22T01:35:24.000Z,"Most underrated KOL in the space.

Last 30 days calls all tracked in TG.
Win rate: 82%

$Pnut - 600x, $Fred - 220x, $TRUST - 100x, $EzMoney - 80x, $Quat - 60x, $petunia - 55x

**1 SOL GIVEAWAY FOR NEW MEMBERS**  🎁
https://t.me/frontruncalls

[#promo](https://t.me/MentionSponsored/89)",Mention Bot
68,30763,2025-02-21T03:51:02.000Z,"**UPEX Update 📢**

**UPEX Launchpad is back, stronger than ever** with a high-utility project your way.

**🔥 How to Participate in the Seed Sale (FCFS):**

✅ Hold **UPEX tokens** to be eligible
✅ The **UPEX token** launches early next week
✅ The **seed sale** will take place **24 hours after the UPEX token listing**

📢 **IDO details will be revealed alongside the seed sale announcement!**

Join UPEX Community 👉 https://t.me/UPEX_Launchpad

We’re back and bigger than ever! **Are you ready?** 🔥 #UPEX

[#promo](https://t.me/MentionSponsored/89)",Mention Bot
69,30759,2025-02-20T21:07:50.000Z,"One of the best TG callers in this space

1 SOL GIVEAWAY FOR NEW MEMBERS  🎁👇 

https://t.me/ZAGREBIAN


[#promo](https://t.me/MentionSponsored/89)",Mention Bot
70,30756,2025-02-20T17:19:43.000Z,,Wandinha 🧙🏼‍♀️🧙🏼‍♀️🧙🏼‍♀️🧙🏼‍♀️🧙🏼‍♀️🧙🏼‍♀️🧙🏼‍♀️🧙🏼‍♀️🧙🏼‍♀️🧙🏼‍♀️
71,30753,2025-02-20T13:28:27.000Z,"🚀 **$NXTT**** the next 100X Gem Is Just Getting Started…Are You In? **🚀

🔥 **Why Now?**
✅ $NXTT price **+120% **in 1 month!!!
✅ **9000** token holders, **and growing**
✅ $NXTT **massive token burn** introducing soon
✅ More use cases** **and partnerships = More token demand
✅ **Limited supply**—get in early
✅ Upcoming **major marketing campaigns**
✅ $NXTT Telegram Miniapp from **zero to 10k** users within a month!

👉 **Get in before it's too late:** https://quickswap.exchange/#/swap?currency0=0xc2132D05D31c914a87C6611C10748AEb04B58e8F&currency1=0x0d0B8488222F7f83B23E365320a4021b12eAD608&swapIndex=0
AND

🤑 Start **farming** $NXTT the next 100x Gem for **FREE**: https://t.me/planet_ton_prod_bot/NextEarthMiniApp/start?startapp=1520978160 


📉 Cheap won’t last forever. Smart money moves before the hype.",Mention Bot
72,30742,2025-02-19T17:43:23.000Z,"👇 This guy shilled 👇

**$JAILSTOOL **at** 2m **to** 220m (110x)**
$PNUT at 3m to 2.4b (**80x**)
$CHILLGUY at 5m to 580m (**116x**)

And is literally just winning on every single call…🔥 ⁉️ 

**With a high **win ratio on his calls, this guy is one of the most **underrated channels on TG 💵 
**
I strongly advise you to** join** his TG and give him a shot, you won’t regret it. 

I turned** 5 sol into 240** in one week aping his calls

**JOIN NOW OR GAY**🏳️‍🌈👉 
**https://t.me/calledbymaxi**  ** **
__**(**hes doing a big giveaway tomorrow)__",Mention Bot
73,30740,2025-02-19T14:59:33.000Z,"TELEGRAM GOING PRIVATE SOON!!!!⚠️

The market might be in a bad way right now but we are COOKING in the TG

Providing educational content as well as ALPHA on memecoins daily. 

Don't miss out on the next cooks! Lock TF IN! 

TG - https://t.me/memearmycall",Mention Bot
74,30730,2025-02-18T20:53:33.000Z,"👇 This guy shilled 👇

**$JAILSTOOL **at** 2m **to** 220m (110x)**
$PNUT at 3m to 2.4b (**80x**)
$CHILLGUY at 5m to 580m (**116x**)

And is literally just winning on every single call…🔥 ⁉️ 

**With a high **win ratio on his calls, this guy is one of the most **underrated channels on TG 💵 
**
I strongly advise you to** join** his TG and give him a shot, you won’t regret it. 

I turned** 5 sol into 240** in one week aping his calls

**JOIN NOW OR GAY**🏳️‍🌈👉 
**https://t.me/calledbymaxi**  ** **
__**(**hes doing a big giveaway tomorrow)__",Mention Bot
75,30726,2025-02-18T14:48:37.000Z,"TELEGRAM GOING PRIVATE SOON!!!!⚠️

The market might be in a bad way right now but we are COOKING in the TG

Providing educational content as well as ALPHA on memecoins daily. 

Don't miss out on the next cooks! Lock TF IN! 

TG - https://t.me/memearmycall",Mention Bot
76,30723,2025-02-18T11:17:50.000Z,"The Only Channel with inside info and 94% Winning Rates 📢

Will you miss the today's play ⁉️

Join & Enjoy 👉 https://t.me/earlysolbull",Mention Bot
77,30714,2025-02-17T20:23:34.000Z,"TINO has been on a run, banger after banger

**Last two weeks of calls
win rate: 90%**
**45x avg per call**

Literally free money if you're active in there.

**Join the telegram ASAP for GIVEAWAY** 👇

https://t.me/tinoplays",Mention Bot
78,30713,2025-02-17T19:13:13.000Z,"👇 This guy shilled 👇

**$JAILSTOOL **at** 2m **to** 220m (110x)**
$PNUT at 3m to 2.4b (**80x**)
$CHILLGUY at 5m to 580m (**116x**)

And is literally just winning on every single call…🔥 ⁉️ 

**With a high **win ratio on his calls, this guy is one of the most **underrated channels on TG 💵 
**
I strongly advise you to** join** his TG and give him a shot, you won’t regret it. 

I turned** 5 sol into 240** in one week aping his calls

**JOIN NOW OR GAY**🏳️‍🌈👉 
**https://t.me/calledbymaxi**  ** **
__**(**hes doing a big giveaway tomorrow)__",Mention Bot
79,30711,2025-02-17T17:27:50.000Z,"TELEGRAM GOING PRIVATE SOON!!!!⚠️

The market might be in a bad way right now but we are COOKING in the TG

Providing educational content as well as ALPHA on memecoins daily. 

Don't miss out on the next cooks! Lock TF IN! 

TG - https://t.me/memearmycall",Mention Bot
80,30708,2025-02-17T13:07:55.000Z,"The Only Channel with inside info and 94% Winning Rates 📢

Will you miss the today's play ⁉️

Join & Enjoy 👉 https://t.me/earlysolbull",Mention Bot
81,30698,2025-02-16T19:44:52.000Z,"TINO has been on a run, banger after banger

**Last two weeks of calls
win rate: 90%**
**45x avg per call**

Literally free money if you're active in there.

**Join the telegram ASAP for GIVEAWAY** 👇

https://t.me/tinoplays",Mention Bot
82,30696,2025-02-16T17:03:26.000Z,"👇 This guy shilled 👇

**$JAILSTOOL **at** 2m **to** 220m (110x)**
$PNUT at 3m to 2.4b (**80x**)
$CHILLGUY at 5m to 580m (**116x**)

And is literally just winning on every single call…🔥 ⁉️ 

**With a high **win ratio on his calls, this guy is one of the most **underrated channels on TG 💵 
**
I strongly advise you to** join** his TG and give him a shot, you won’t regret it. 

I turned** 5 sol into 240** in one week aping his calls

**JOIN NOW OR GAY**🏳️‍🌈👉 
**https://t.me/calledbymaxi**  ** **
__**(**hes doing a big giveaway tomorrow)__",Mention Bot
83,30694,2025-02-16T14:50:07.000Z,"TELEGRAM GOING PRIVATE SOON!!!!⚠️

The market might be in a bad way right now but we are COOKING in the TG

Providing educational content as well as ALPHA on memecoins daily. 

Don't miss out on the next cooks! Lock TF IN! 

TG - https://t.me/memearmycall",Mention Bot
84,30692,2025-02-16T13:49:58.000Z,"The Only Channel with inside info and 94% Winning Rates 📢

Will you miss the today's play ⁉️

Join & Enjoy 👉 https://t.me/earlysolbull",Mention Bot
85,30683,2025-02-15T21:44:55.000Z,"TINO has been on a run, banger after banger

**Last two weeks of calls
win rate: 90%**
**45x avg per call**

Literally free money if you're active in there.

**Join the telegram ASAP for GIVEAWAY** 👇

https://t.me/tinoplays",Mention Bot
86,30680,2025-02-15T17:33:29.000Z,"👇 This guy shilled 👇

**$JAILSTOOL **at** 2m **to** 220m (110x)**
$PNUT at 3m to 2.4b (**80x**)
$CHILLGUY at 5m to 580m (**116x**)

And is literally just winning on every single call…🔥 ⁉️ 

**With a high **win ratio on his calls, this guy is one of the most **underrated channels on TG 💵 
**
I strongly advise you to** join** his TG and give him a shot, you won’t regret it. 

I turned** 5 sol into 240** in one week aping his calls

**JOIN NOW OR GAY**🏳️‍🌈👉 
**https://t.me/calledbymaxi**  ** **
__**(**hes doing a big giveaway tomorrow)__",Mention Bot
87,30678,2025-02-15T16:10:25.000Z,"TELEGRAM GOING PRIVATE SOON!!!!⚠️

The market might be in a bad way right now but we are COOKING in the TG

Providing educational content as well as ALPHA on memecoins daily. 

Don't miss out on the next cooks! Lock TF IN! 

TG - https://t.me/memearmycall",Mention Bot
88,30676,2025-02-15T13:17:10.000Z,"The Only Channel with inside info and 94% Winning Rates 📢

Will you miss the today's play ⁉️

Join & Enjoy 👉 https://t.me/earlysolbull",Mention Bot
89,30669,2025-02-15T02:21:33.000Z,"**NEW**[ ](https://on.soundcloud.com/wtYqvmYWy165p93D6)**DROP FROM THE **[**RSB.PROMO**](https://t.me/RSB_pyatigorsk)** RESIDENT 🚨**

Our DJ CUERROR recorded a fresh set that will charge you for a month ahead 😏

**Hurry up and **[follow the link](https://on.soundcloud.com/wtYqvmYWy165p93D6)** and enjoy 🔊
**
**https://on.soundcloud.com/wtYqvmYWy165p93D6**",Mention Bot
90,30666,2025-02-14T21:20:48.000Z,"TINO has been on a run, banger after banger

**Last two weeks of calls
win rate: 90%**
**45x avg per call**

Literally free money if you're active in there.

**Join the telegram ASAP for GIVEAWAY** 👇

https://t.me/tinoplays",Mention Bot
91,30664,2025-02-14T20:38:12.000Z,"👇 This guy shilled 👇

**$JAILSTOOL **at** 2m **to** 220m (110x)**
$PNUT at 3m to 2.4b (**80x**)
$CHILLGUY at 5m to 580m (**116x**)

And is literally just winning on every single call…🔥 ⁉️ 

**With a high **win ratio on his calls, this guy is one of the most **underrated channels on TG 💵 
**
I strongly advise you to** join** his TG and give him a shot, you won’t regret it. 

I turned** 5 sol into 240** in one week aping his calls

**JOIN NOW OR GAY**🏳️‍🌈👉 
**https://t.me/calledbymaxi**  ** **
__**(**hes doing a big giveaway tomorrow)__",Mention Bot
92,30661,2025-02-14T16:35:07.000Z,"TELEGRAM GOING PRIVATE SOON!!!!⚠️

The market might be in a bad way right now but we are COOKING in the TG

Providing educational content as well as ALPHA on memecoins daily. 

Don't miss out on the next cooks! Lock TF IN! 

TG - https://t.me/memearmycall",Mention Bot
93,30660,2025-02-14T14:57:10.000Z,"The Only Channel with inside info and 94% Winning Rates 📢

Will you miss the today's play ⁉️

Join & Enjoy 👉 https://t.me/earlysolbull",Mention Bot
94,30648,2025-02-13T18:21:46.000Z,"TINO has been on a run, banger after banger

**Last two weeks of calls
win rate: 90%**
**45x avg per call**

Literally free money if you're active in there.

**Join the telegram ASAP for GIVEAWAY** 👇

https://t.me/tinoplays",Mention Bot
95,30646,2025-02-13T16:33:17.000Z,"👇 This guy shilled 👇

**$JAILSTOOL **at** 2m **to** 220m (110x)**
$PNUT at 3m to 2.4b (**80x**)
$CHILLGUY at 5m to 580m (**116x**)

And is literally just winning on every single call…🔥 ⁉️ 

**With a high **win ratio on his calls, this guy is one of the most **underrated channels on TG 💵 
**
I strongly advise you to** join** his TG and give him a shot, you won’t regret it. 

I turned** 5 sol into 240** in one week aping his calls

**JOIN NOW OR GAY**🏳️‍🌈👉 
**https://t.me/calledbymaxi**  ** **
__**(**hes doing a big giveaway tomorrow)__",Mention Bot
96,30645,2025-02-13T14:46:24.000Z,"TELEGRAM GOING PRIVATE SOON!!!!⚠️

The market might be in a bad way right now but we are COOKING in the TG

Providing educational content as well as ALPHA on memecoins daily. 

Don't miss out on the next cooks! Lock TF IN! 

TG - https://t.me/memearmycall",Mention Bot
97,30643,2025-02-13T12:43:55.000Z,"The Only Channel with inside info and 94% Winning Rates 📢

Will you miss the today's play ⁉️

Join & Enjoy 👉 https://t.me/earlysolbull",Mention Bot
98,30631,2025-02-12T19:56:05.000Z,"This guy’s track record is amazing , and he’s sharing his insights for FREE.  

✅ Win rate on his public channel: 90% 

Last few plays:

- 1150x Return on $TRUMP
- 180x Return on $MELANIA
- 65x Return on $COMCOIN

Making thousands of dollars every day. 💸

Join here 👇👇👇

@calledbymaxi",Mention Bot
99,30629,2025-02-12T17:59:56.000Z,"BEST SHITCOIN CALLS & SOLID SOLANA PICKS!

JOIN TO GET UR BAGS UP

https://t.me/tinoplays 💰

DROPPING PLAYS DAILY

https://t.me/tinoplays 🚀

JOIN OR STAY POOR FOREVER

https://t.me/tinoplays 🤑",Mention Bot
