message_id,date,content,sender_name
31946,2025-05-23 21:42:04+00:00,[â£](https://telegra.ph/file/cc9517fd43939f4c89563.jpg)NÃƒO FIQUEM DE FORA DO MAIOR E MAIS LUCRATIVO TOKEN MEME DE TODOS.,Group Help
31941,2025-05-23 13:27:49+00:00,"**NEW** **DROP FROM THE **[RSB.PROMO](https://soundcloud.com/user-584099903/01-levadinsky-descent-001)** RESIDENT ğŸš¨**
**
Levadinsky descent

**https://soundcloud.com/user-584099903/01-levadinsky-descent-001**
**https://soundcloud.com/user-584099903/01-levadinsky-descent-001**
**https://soundcloud.com/user-584099903/01-levadinsky-descent-001

**LISTEN AND ENJOY NOW**",Mention Bot
31935,2025-05-23 03:02:45+00:00,"ğŸš€ Get in early or get left behind. ğŸš€

I call it before it explodes. No noise, no BSâ€”just straight sends.

ğŸ”¹ Early calls that print
ğŸ”¹ Narratives before they take off
ğŸ”¹ We eat first, the rest FOMO in

ğŸ’° Join now or watch from the sidelines.

https://t.me/+4urZQYAiJDg4Njhk",Mention Bot
31929,2025-05-22 16:57:30+00:00,"**Zeri is about to call the next 50x **

The only channel back in 2023 who **__publicly__** predicted the Solana meme coin explosionâ€”begging everyone to buy SOL at just $20. We all know how that turned out.

With a proven 70% win rate on his public channel, Zeri is now preparing up to drop his next big calls on both SOL and SUI. 

**Donâ€™t miss it and follow **[**HERE:**](https://t.me/+L6lSy40tVyE2ZTAy)

[FOLLOW ZERI HERE NOW ](https://t.me/+L6lSy40tVyE2ZTAy)
[FOLLOW ZERI HERE NOW ](https://t.me/+L6lSy40tVyE2ZTAy)
[FOLLOW ZERI HERE NOW](https://t.me/+L6lSy40tVyE2ZTAy)",Mention Bot
31917,2025-05-21 21:14:33+00:00,"**Stake gifts** ğŸ’

**Buy gifts** ğŸ›’

**Roll gifts** ğŸ²
**
**
Where? [Here ğŸ˜µâ€ğŸ’«](https://t.me/rollsgame_bot/app?startapp=ref_vGBtRGwqBf)[
](http://t.me/rollsgame_bot)
[@rolls](https://t.me/rollsgame_bot/app?startapp=ref_vGBtRGwqBf)",Mention Bot
31913,2025-05-21 13:57:47+00:00,"**ğŸ‰ Crypto Madness Start your staking journey now! ! ğŸ‰**

ğŸ”¹2025 Global blockchain secure, efficient and transparent proof-of-stake network to help users increase their wealth!

ğŸ¯ **Enjoy 38.8% daily yield**, real-time credits, and full flexibility.

ğŸ”¹ If you miss today, you will lose at the starting line! Stake now and achieve financial freedom!

ğŸUnlock exciting opportunities. Click the link to get started!

**ğŸ‘‰ Registration link:** https://explorestaking.com/#/?ref=975855
**ğŸ¤– Telegram bot: **@EOS_Global_Bot

ğŸ’¬ Don't let your funds sit idle!

Start staking on ExploreStaking now and earn daily income! ğŸš€",Mention Bot
31900,2025-05-20 15:10:52+00:00,"**Stake gifts** ğŸ’

**Buy gifts** ğŸ›’

**Roll gifts** ğŸ²
**
**
Where? [Here ğŸ˜µâ€ğŸ’«](https://t.me/rollsgame_bot/app?startapp=ref_vGBtRGwqBf)[
](http://t.me/rollsgame_bot)
[@rolls](https://t.me/rollsgame_bot/app?startapp=ref_vGBtRGwqBf)",Mention Bot
31887,2025-05-19 13:59:39+00:00,,Luiz Fernando
31874,2025-05-18 14:29:14+00:00,"**NEW**[ ](https://on.soundcloud.com/wtYqvmYWy165p93D6)**DROP FROM THE **[**RSB.PROMO**](https://soundcloud.com/user-584099903/01-levadinsky-descent-001)** RESIDENT ğŸš¨**
**
Levadinsky descent

By ****RSB.PROMO****
****www.instagram.com/michael_banshee_****

****https://soundcloud.com/user-584099903/01-levadinsky-descent-001****
****https://soundcloud.com/user-584099903/01-levadinsky-descent-001****
****https://soundcloud.com/user-584099903/01-levadinsky-descent-001**",Mention Bot
31854,2025-05-17 00:32:24+00:00,"**GROUP IS NOW FREE FOR THE NEXT 60 MINUTES ğŸ‹**

Join now and enjoy fast signals ğŸ¯

Good analysis and news are shared

https://t.me/+d6tMuMmvqUAyY2Qy

**The link is limited to the first 25 members only, friends**âš ï¸",Mention Bot
31846,2025-05-16 13:25:41+00:00,"**Welcome to **[@MINT](https://t.me/CollectiblesBot?startapp=invite_586401294)** MARKET!** ğŸ˜

Telegram-native tokenized IP: stickers, gifts, NFTs & more...

ğŸ”” [Open App and connect your wallet to WIN 1,000 TON](https://t.me/CollectiblesBot?startapp=invite_586401294)",Mention Bot
31845,2025-05-16 13:19:21+00:00,,REISğŸ‘‘ğŸ“‰ğŸ“ˆ
31816,2025-05-14 09:40:11+00:00,"ğŸ¤– **About adverstising**: telegra.ph/About-advertising-in-MentionBot-06-25

âœï¸ Contact: @MentionMan
Â©ï¸ By Lost+Found

ğŸ‘€ How to remove ads from your chat?

We offer you branded Mention Bot! Meet:
* No ads
* Stable work
* Custom name and profile picture

â–¶ï¸ START YOUR COPY OF MENTIONBOT HERE

âœ If you paid for custom & ad free mention bot, please contact [@MentionMan](https://t.me/m/YqCmO59AZjhk) to resolve your issues.",Mention Bot
31793,2025-05-12 15:45:09+00:00,"**THIS IS CRAZY ALPHA!**

JOIN TO GET UR BAGS UP

https://t.me/calledbymaxi ğŸ’°

DROPPING PLAYS DAILY

https://t.me/calledbymaxi ğŸš€

JOIN OR STAY POOR FOREVER

https://t.me/calledbymaxi ğŸ¤‘",Mention Bot
31778,2025-05-11 13:34:37+00:00,"ğŸ‚ **BEST MEMECOIN CALLS IN CRYPTO ğŸ“ˆ**

**FREE** **TELEGRAM**

- 650x Return on $CHILLGUY
- 220x Return on $PNUT
- 180x Return on $FRED
- 102x Return on $USACOIN

Making thousands of dollars every day. ğŸ’¸

Join here: [https://t.me/](https://t.me/+vSwcPZmaDEk4ZjVk)[belfortsalpha](https://t.me/+vSwcPZmaDEk4ZjVk)",Mention Bot
31777,2025-05-11 11:52:03+00:00,"ğŸ§**4000X made the last token PUMPED by **[**THIS CHANNEL**](https://t.me/+oBjb9IhrrX1iYWFi)** . This massive community is a true crypto whale, pumping any token and taking it to the top spot on DEX. **[**JOIN HERE**](https://t.me/+oBjb9IhrrX1iYWFi)** for free and earn money from pumps every day!**ğŸ§",Mention Bot
31718,2025-05-06 20:19:46+00:00,"**RSB.FASHION**** Serial Red and Serial Digital put up for auction:** 
https://t.me/rsbfashion/122

Reveal date is May 10. Hurry up and get real clothes with NFT! ğŸ˜‰",Mention Bot
31683,2025-05-04 01:23:23+00:00,"**Collection realized: **[**RSB Fashion**](https://getgems.io/collection/EQBMVxwqT6YghHOxP2L9fMe5uNbmZ_kjd0sOEt5iGzrYHz5f?filter=%7B%22sort%22%3A%22RarityRankAsc%22%7D)

**First reveal: Limited Collection**. 
__The owner will receive this Shirt via delivery.__

**â€¢ Model ""Hunter"" - **[Limited Collection #000](https://getgems.io/collection/EQBMVxwqT6YghHOxP2L9fMe5uNbmZ_kjd0sOEt5iGzrYHz5f/EQBMSmN-g0gNWhZ-AuufhDlW19F9aoJmXn0FuH0k02CnRchJ)
**â€¢ Model ""Erector"" -**[ Limited Collection](https://getgems.io/collection/EQBMVxwqT6YghHOxP2L9fMe5uNbmZ_kjd0sOEt5iGzrYHz5f/EQBMSmN-g0gNWhZ-AuufhDlW19F9aoJmXn0FuH0k02CnRchJ)[ #001](https://getgems.io/collection/EQBMVxwqT6YghHOxP2L9fMe5uNbmZ_kjd0sOEt5iGzrYHz5f/EQAEgyn8mH2akQVIoKL-sxlRQMVMaw_FTxA1v_IAPxHSYzDE)
**â€¢ Model ""Dry rock"" - **[Limited Collection](https://getgems.io/collection/EQBMVxwqT6YghHOxP2L9fMe5uNbmZ_kjd0sOEt5iGzrYHz5f/EQBMSmN-g0gNWhZ-AuufhDlW19F9aoJmXn0FuH0k02CnRchJ)[ #002](https://getgems.io/collection/EQBMVxwqT6YghHOxP2L9fMe5uNbmZ_kjd0sOEt5iGzrYHz5f/EQBP1d3PNb-nCNh3RPKtHf-Wz0qLdQRjy7v-oa68BDb3UDtW)
**â€¢ Model ""Wolverine"" - **[Limited Collection](https://getgems.io/collection/EQBMVxwqT6YghHOxP2L9fMe5uNbmZ_kjd0sOEt5iGzrYHz5f/EQBMSmN-g0gNWhZ-AuufhDlW19F9aoJmXn0FuH0k02CnRchJ)[ #003](https://getgems.io/collection/EQBMVxwqT6YghHOxP2L9fMe5uNbmZ_kjd0sOEt5iGzrYHz5f/EQAHL9m8haab_3LIRG7ak83ILeIIiu9us7IsBV7MqzAOEU3b)
**â€¢ Model ""Raver"" - **[Limited Collection](https://getgems.io/collection/EQBMVxwqT6YghHOxP2L9fMe5uNbmZ_kjd0sOEt5iGzrYHz5f/EQBMSmN-g0gNWhZ-AuufhDlW19F9aoJmXn0FuH0k02CnRchJ)[ #004](https://getgems.io/collection/EQBMVxwqT6YghHOxP2L9fMe5uNbmZ_kjd0sOEt5iGzrYHz5f/EQCIQykar63b9Ml8o6zunv78I9Ozx4FXU3VGomwTeBTn-2o1)
**â€¢ Model ""Wet rock""** - [Limited Collection #005](https://getgems.io/collection/EQBMVxwqT6YghHOxP2L9fMe5uNbmZ_kjd0sOEt5iGzrYHz5f/EQBlVEfBus5W4P8Fx-lszV7rsnpSX4hUGC_8h8RKu51SkEHN) (not for sale)

__Delivery details, giveaways & reveals will be announced later__",Mention Bot
31682,2025-05-04 00:52:49+00:00,"**Hunting the next 10x meme coin?
**
**Join the top auto-alert networks built for real degens ğŸ‘‡**

ğŸ”· [SolHouse Signal â€“ Auto-detects Solana meme rockets](http://t.me/solhousesignal)

ğŸ”¶ [BscHouse Signal â€“ Spots BSC moonshots in real-time](http://t.me/bschousesignal)

ğŸ¯ [Crypto Mafia Plays â€“ The main hub for high-stakes plays  ](http://t.me/cryptomafiaplays)

 **Massive ROI. Fast alerts. Meme madness.

Don't miss the next pump â€“ you're either early... or wrecked.**

[#partner](https://t.me/rsbfashion/120)",Mention Bot
31664,2025-05-02 16:02:34+00:00,"**Hunting the next 10x meme coin?
**
**Join the top auto-alert networks built for real degens ğŸ‘‡**

ğŸ”· [SolHouse Signal â€“ Auto-detects Solana meme rockets](http://t.me/solhousesignal)

ğŸ”¶ [BscHouse Signal â€“ Spots BSC moonshots in real-time](http://t.me/bschousesignal)

ğŸ¯ [Crypto Mafia Plays â€“ The main hub for high-stakes plays  ](http://t.me/cryptomafiaplays)

 **Massive ROI. Fast alerts. Meme madness.

Don't miss the next pump â€“ you're either early... or wrecked.**

[#partner](https://t.me/rsbfashion/120)",Mention Bot
31655,2025-05-02 03:01:43+00:00,,J. Roberto
31629,2025-04-30 02:06:44+00:00,"[**RSB.FASHION**](https://t.me/devochka/109)
__Drop first collection of real custom clothes soon! __

**ğŸ™‹â€â™€ What is it?**
The Underground Fashion Agency Ã— NFT collaboration

ğŸ•Šï¸ **How it works?**
Each NFT connected to the real cloth. 

ğŸ˜± FIRST TIME ON NFT MARKETPLACE
ğŸ˜ Buy NFT and get it in REALITY 

**Drop & Giveaway starts today! 
Follow to be the first:**
â€¢ t.me/devochka
â€¢ t.me/devochka
â€¢ t.me/devochka",Mention Bot
31612,2025-04-28 17:58:57+00:00,"**ğŸ”¥ WELCOME BONUS UP TO $2000 + 200 FS ğŸ˜±**

https://t.me/jet_royal_bot?start=ce8QoO9vzYO
https://t.me/jet_royal_bot?start=ce8QoO9vzYO
https://t.me/jet_royal_bot?start=ce8QoO9vzYO
**
Welcome aboard **[**@JetTon**](https://t.me/jet_royal_bot?start=ce8QoO9vzYO)** â€” the #1 licensed gaming platform with 15,000+ games and sports!**
__One bet, take the Jet ğŸ›«__",Mention Bot
31610,2025-04-28 17:02:09+00:00,,Mention Bot
31609,2025-04-28 17:02:08+00:00,,Mention Bot
31608,2025-04-28 17:02:08+00:00,,Mention Bot
31607,2025-04-28 17:02:07+00:00,"ğŸ° **New hot drops at JetTon Games!** ğŸ°

Three absolute bangers just dropped â€” and theyâ€™re packing some wild features.

ğŸ• ** **[**Lucky Dog**](https://t.me/jet_royal_bot?start=ce89AxwY3fc)** (Pragmatic Play)**
**RTP: **96,5%
**Max win:** 1,000x
A classic retro-style slot with random respins, multipliers, and wild upgrades. Fun twist: the cute doggo can pop up anytime and boost your reels with extra wins! ğŸ¶

ğŸ’€ [**Highway to Hell**](https://t.me/jet_royal_bot?start=ce89AxwY3fc)** (No Limit City)**
**RTP: **96,03%
**Max win:** 20,066x
A wild ride straight through hell: triple bonus modes, raging wilds, crazy reel upgrades. Signature move: ""Inferno Bonus"" with insane unlimited multipliers! ğŸ˜ˆ 

ğŸŸ [**Big Bass Bonanza 1000**](https://t.me/jet_royal_bot?start=ce89AxwY3fc)** (Pragmatic Play)**
**RTP: **96,51%
**Max win:** 20,000x
The legendary fishing slot â€” now turbocharged! New ""Super Spins"" feature, even bigger multipliers, and a chance to land single fish paying up to 1,000x! ğŸ£

ğŸ“² **Hit the reels and dive into the action at **[JetTon Games](https://t.me/jet_royal_bot?start=ce89AxwY3fc)**!**",Mention Bot
31601,2025-04-28 05:53:41+00:00,"$1000 dollar giveaway! ğŸ

Retirements: 

Sign up to https://trade.padre.gg/rk/jr5

Join the TG: https://t.me/JR5sCooks

Show proof of sign up! (Winner will be verified)

Good luck! Winner will be drawn in a few days!",Mention Bot
31597,2025-04-28 00:18:43+00:00,"**ğŸ”¥ WELCOME BONUS UP TO $2000 + 200 FS ğŸ˜±**

https://t.me/jet_royal_bot?start=ce8QoO9vzYO
https://t.me/jet_royal_bot?start=ce8QoO9vzYO
https://t.me/jet_royal_bot?start=ce8QoO9vzYO
**
Welcome aboard **[**@JetTon**](https://t.me/jet_royal_bot?start=ce8QoO9vzYO)** â€” the #1 licensed gaming platform with 15,000+ games and sports!**
__One bet, take the Jet ğŸ›«__",Mention Bot
31553,2025-04-24 14:16:33+00:00,,Mention Bot
31552,2025-04-24 14:16:32+00:00,,Mention Bot
31551,2025-04-24 14:16:32+00:00,,Mention Bot
31550,2025-04-24 14:16:31+00:00,,Mention Bot
31549,2025-04-24 14:16:31+00:00,"**JetTon - one bet, take the Jet ğŸ›«

**ğŸ”¥ Deposit in crypto, get your __WINNINGS__ and __WITHDRAW TODAY__!

ğŸ¤– **Play in Bot:**
 https://t.me/jet_nova_bot?start=ce68sH422Ns 
 https://t.me/jet_nova_bot?start=ce68sH422Ns 
 https://t.me/jet_nova_bot?start=ce68sH422Ns",Mention Bot
31541,2025-04-23 23:46:03+00:00,"**Tired of fake OnlyFans girls and soul-draining porn sites?**

**This is real. And itâ€™s personal.**

Hand-picked girls. No scripts. No filters.
Private sessions where __you__ control the vibe.

**Crypto accepted. No ID. No trace.**
Just pure, anonymous pleasure.

Youâ€™re not one of many.
Youâ€™re the one she remembers.

[Get in â€“ StripSnaps.com](https://stripsnaps.com/)
__(18+ only. Real girls. Real time. Youâ€™ve been warned.)

__https://t.me/stripsnaps

[#promo](https://t.me/MentionSponsored/89)",Mention Bot
31536,2025-04-23 16:07:37+00:00,"**Welcome aboard **[**@JetTon**](https://jetton.ws/ce68sH422Ns?click_id={click_id})** â€” the #1 licensed gaming platform with 15,000+ games and sports!**

Waiting for you:
ğŸ’° Up to 10% cashback every week.
ğŸš€ Bonus up to 425% to the deposit + 250 free spins on the first 4 deposits!
ğŸ’ Top slots, fast and live games with RTP 96%.
ğŸ‘‘ Instant payments, VIP club and 24/7 support.

__âœˆï¸ __[__jetton.fo__](https://jetton.ws/ce68sH422Ns?click_id={click_id})__ - licensed gaming platform with 10 000+ games and sports.__",Mention Bot
31525,2025-04-22 20:01:14+00:00,"ğŸ”¥ This is officially the best channel to be apart of for the upcoming bull run ğŸ”¥

This channel called ğŸ‘‡

$PNUT, $TRUMP, $FARTCOIN, $SUNDOG, $LOFI, $TITCOIN , $ITALIANROT , $POPCAT , $FAT, $PWEASE 

Super early with a total average of 15x per call.

They are just winning on every single callâ‰ï¸

**With a 97% **win ratio on his calls, Crypto Chef is one of the most **underrated channels on TG ğŸ’µ 
**
I strongly advise you to** join** his TG and give him a shot, you wonâ€™t regret it. 

He is also hosting a big **giveaway** soon 

I turned** 5 sol into 120** in one week aping his calls

**JOIN NOW OR GAY**ğŸ³ï¸â€ğŸŒˆğŸ‘‰ 

https://t.me/CryptoChefCooks

x.com/ThecryptochefX

[#promo](https://t.me/MentionSponsored/89)",Mention Bot
31521,2025-04-22 15:06:47+00:00,"**Hunting the next 10x meme coin?
**
**Join the top auto-alert networks built for real degens ğŸ‘‡**

ğŸ”· [SolHouse Signal â€“ Auto-detects Solana meme rockets](http://t.me/solhousesignal)

ğŸ”¶ [BscHouse Signal â€“ Spots BSC moonshots in real-time](http://t.me/bschousesignal)

ğŸ¯ [Crypto Mafia Plays â€“ The main hub for high-stakes playsÂ  ](http://t.me/cryptomafiaplays)

**Massive ROI. Fast alerts. Meme madness.

Don't miss the next pump â€“ you're either early... or wrecked.**

[#promo](https://t.me/MentionSponsored/89)",Mention Bot
31507,2025-04-21 15:25:17+00:00,"ğŸ”¥ Want to earn money but don't know how? WEEX gives a 50% bonus + access to a private traders' chat! ğŸ”¥Â  

ğŸš€ Especially for you:Â  

- Deposit + Trading turnover = Bonus up to 1,000 USDT!Â  
Â  Just top up your account and trade:Â  
Â  - 200 USDT + 10k turnover â†’ 100 USDTÂ  
Â  - 500 USDT + 100k turnover â†’ 250 USDTÂ  
Â  - 1k USDT + 500k turnover â†’ 500 USDTÂ  
Â  Maximum â€” 30,000 USDT per user!Â  

ğŸ Additional gift:Â  

Confirm your phone numberğŸ“² and email â€” get 10â€“100 USDT for free! Â  

ğŸ¯ Want to trade like a pro?Â  
Free access to a closed trading chat:Â  

- Author's indicator â€” entry point, take profits, exits. No emotions, just a system!Â  
- Daily profit, 24/7 support, AMA sessions with top traders.
- Giveaways, bonuses, start from $10.Â  

ğŸ’¡ Why is it free?Â  

We earn when you are successful â€” from the exchange commission. Your profit = our profit!Â  

ğŸ‘€ How to get started?Â  

 1. Register â†’ https://support.weex.com/en/register?vipCode=lj37Â  

2. Send UID (you will find your personal identifier in your account at personal profile) from the exchange to @traffic_vip â€” get a link to the chat.Â  

âš ï¸ Important:Â  

- DYOR (Do Your Own Research), but such chances are rare!Â  

- Hurry to join â€” the terms of the promotion are limited!Â  

Don't miss the moment â€” start with WEEX right now! ğŸ›«

@[promo](https://t.me/MentionSponsored/89)",Mention Bot
31482,2025-04-19 13:43:57+00:00,"ğŸ—£ **About advertising in ****@MentionBot**
Since the support of our projects requires effort, time and money, and we do not have enough rare support with donations from our users, we launch advertising in @MentionBot.

**We offer promotion for 200 thousands groups with over 60 millions people.**

**Read more: ****https://telegra.ph/About-advertising-in-MentionBot-06-25**",Mention Bot
31469,2025-04-18 15:09:10+00:00,"**ğŸš€ Spin, Win, and Grin! ğŸš€**
**
Ready to turn luck into cash? ğŸ’°**
**ğŸ° 1000+ Games**: Slots, Poker, Roulette, Live Dealers, and more!
**ğŸ Daily Bonuses**: Claim FREE spins & match deposits up to $500!
**ğŸ† Big Wins, Fast Payouts**: Secure, instant withdrawals â€“ play with confidence!

[https://win-bet.online/register](https://extr.devs.today/bob?s1=k1-1)
[https://win-bet.online/register](https://extr.devs.today/bob?s1=k1-1)
[https://win-bet.online/register](https://extr.devs.today/bob?s1=k1-1)

â­ï¸ **Join millions of winners worldwide!** â­ï¸
ğŸ‘‰ **Download Now**: [[App Store](https://extr.devs.today/bob?s1=k1-2)] | [[Google Play](https://extr.devs.today/bob?s1=k1-2)]
__
ğŸ¯ New users get a 200% Welcome Bonus â€“ limited time only!

ğŸ” Gambling responsibly is a win. 18+ only. T&Cs apply.__",Mention Bot
31463,2025-04-18 04:36:06+00:00,"ğŸ”¥ **Elite Connections for Ambitious Men**  

ğŸš€ **No Random Swipes. No Time Wasters.**  
â†’ [**DateMe**](https://extr.devs.today/alex?s1=dv-2-0) pairs you with career-driven, relationship-ready women.  
â†’ **Priority Access** to events, curated matches, and exclusive icebreakers.  

ğŸ’¬ **""Finally met someone who gets my hustle. Thanks, DateMe.""**  
â€“ Ryan, 29, NYC  

**Skip the Chaos. Date Intentionally.**  
ğŸ‘‰ **Join Free for 7 Days**: [https://date.me](https://extr.devs.today/alex?s1=dv-2-1)",Mention Bot
31459,2025-04-17 22:49:54+00:00,"ğŸ—£ **About advertising in ****@MentionBot**
Since the support of our projects requires effort, time and money, and we do not have enough rare support with donations from our users, we launch advertising in @MentionBot.

**We offer promotion for 200 thousands groups with over 60 millions people.**

**Read more: ****https://telegra.ph/About-advertising-in-MentionBot-06-25**",Mention Bot
31455,2025-04-17 17:11:57+00:00,"**ğŸš€ Spin, Win, and Grin! ğŸš€**
**
Ready to turn luck into cash? ğŸ’°**
**ğŸ° 1000+ Games**: Slots, Poker, Roulette, Live Dealers, and more!
**ğŸ Daily Bonuses**: Claim FREE spins & match deposits up to $500!
**ğŸ† Big Wins, Fast Payouts**: Secure, instant withdrawals â€“ play with confidence!
[
](https://extr.devs.today/bob?s1=g1)[https://win-bet.online/register](https://extr.devs.today/bob?s1=g3-1)
[https://win-bet.online/register](https://extr.devs.today/bob?s1=g3-1)
[https://win-bet.online/register](https://extr.devs.today/bob?s1=g3-1)

â­ï¸ **Join millions of winners worldwide!** â­ï¸
ğŸ‘‰ **Download Now**: [[App Store](https://extr.devs.today/bob?s1=g3-2)] | [[Google Play](https://extr.devs.today/bob?s1=g3-3)]
__
ğŸ¯ New users get a 200% Welcome Bonus â€“ limited time only!

ğŸ” Gambling responsibly is a win. 18+ only. T&Cs apply.__",Mention Bot
31450,2025-04-17 09:38:00+00:00,"**ğŸš€ Crypto Madness: Win BIG with Every Bet! ğŸš€**

**ğŸ”¥ $10,000 Crypto Giveaway Alert! ğŸ”¥**
__Spin, stake, and stack crypto rewards â€“ no luck needed when youâ€™re this loaded!__

**ğŸ° Exclusive Crypto Games**: Bet in Bitcoin, Ethereum, or Doge!
**ğŸ’° Daily Rewards**: Earn +20% crypto bonuses on deposits â€“ yes, FREE coins!
**ğŸ† Massive Jackpots**: Turn 10into10into10K with our weekly crypto prize pools!

**ğŸ‘‰ How to Claim Your Share:**

    **Deposit Crypto** â€“ Get a **200% MATCH** (up to $1,000!).

  **  Play Any Game** â€“ Slots, Blackjack, Dice â€“ every bet counts!

**    Win + Withdraw Instantly** â€“ Crypto payouts in under 60 seconds!

**âš ï¸ Hurry! Giveaway ends in 48 hours â€“ donâ€™t miss your shot at the moon! ğŸš€**

**â­ï¸ Trusted by 500K+ Crypto Gamblers Worldwide â­ï¸**
__Fast. Secure. Decentralized.__
__
ğŸ” 18+ only. Gambling responsibly = winning smarter. T&Cs apply.
BTC â— ETH â— USDT â— LTC â— DOGE__
#CryptoCasino #ToTheMoon

**ğŸ¯ Ready to gamble like a crypto king?**",Mention Bot
31446,2025-04-17 02:03:50+00:00,"**ğŸš€ Spin, Win, and Grin! ğŸš€**
**
Ready to turn luck into cash? ğŸ’°**
**ğŸ° 1000+ Games**: Slots, Poker, Roulette, Live Dealers, and more!
**ğŸ Daily Bonuses**: Claim FREE spins & match deposits up to $500!
**ğŸ† Big Wins, Fast Payouts**: Secure, instant withdrawals â€“ play with confidence!
[
https://win-bet.online/register](https://extr.devs.today/bob?s1=g1)
[https://win-bet.online/register](https://extr.devs.today/bob?s1=g1)
[https://win-bet.online/register](https://extr.devs.today/bob?s1=g1)

â­ï¸ **Join millions of winners worldwide!** â­ï¸
ğŸ‘‰ **Download Now**: [[App Store](https://extr.devs.today/bob?s1=g1)] | [[Google Play](https://extr.devs.today/bob?s1=g1)]
__
ğŸ¯ New users get a 200% Welcome Bonus â€“ limited time only!

ğŸ” Gambling responsibly is a win. 18+ only. T&Cs apply.__",Mention Bot
31416,2025-04-14 17:34:46+00:00,"âœ¨ **Find Your Perfect Match â€“ No Games, Just Real Connections**  
**For Men 25+ Who Value Quality Over Quantity**  

ğŸŒŸ **Tired of swiping endlessly?**  
[**DateMe**](https://goo.su/KqOzCrU) is where meaningful relationships begin.  

â†’ **Advanced Matching Algorithm** connects you with women who share your values, interests, and ambitions.  
â†’ **Curated Profiles** focus on depth, not just photos.  
â†’ **Secure & Private** â€“ Your data stays protected.  

**Why DateMe?**  
âœ”ï¸ **Designed for professionals** â€“ Skip the small talk, meet like-minded adults.  
âœ”ï¸ **Verified users only** â€“ Authenticity guaranteed.  
âœ”ï¸ **Date on your terms** â€“ Flexible plans for busy schedules.  

ğŸ¯ **""After two weeks on DateMe, I met Sarah. No other app made it this easy.""**  
â€“ James, 32, San Francisco  

**Ready to Upgrade Your Dating Life?**  
**Join 500,000+ men who found love by prioritizing what matters.**  

ğŸ‘‰ **Download Now & Get 3 Free Premium Matches**: [https://date.me](https://goo.su/KqOzCrU)  

[**DateMe**](https://goo.su/KqOzCrU)** â€“ Where Real Men Meet Real Women.**",Mention Bot
31405,2025-04-13 19:45:07+00:00,"âœ¨ **Find Your Perfect Match â€“ No Games, Just Real Connections**  
**For Men 25+ Who Value Quality Over Quantity**  

ğŸŒŸ **Tired of swiping endlessly?**  
[**DateMe**](http://bit.ly/4j7OBul) is where meaningful relationships begin.  

â†’ **Advanced Matching Algorithm** connects you with women who share your values, interests, and ambitions.  
â†’ **Curated Profiles** focus on depth, not just photos.  
â†’ **Secure & Private** â€“ Your data stays protected.  

**Why DateMe?**  
âœ”ï¸ **Designed for professionals** â€“ Skip the small talk, meet like-minded adults.  
âœ”ï¸ **Verified users only** â€“ Authenticity guaranteed.  
âœ”ï¸ **Date on your terms** â€“ Flexible plans for busy schedules.  

ğŸ¯ **""After two weeks on DateMe, I met Sarah. No other app made it this easy.""**  
â€“ James, 32, San Francisco  

**Ready to Upgrade Your Dating Life?**  
**Join 500,000+ men who found love by prioritizing what matters.**  

ğŸ‘‰ **Download Now & Get 3 Free Premium Matches**: [https://date.me](http://bit.ly/4j7OBul)  

[**DateMe**](http://bit.ly/4j7OBul)** â€“ Where Real Men Meet Real Women.**",Mention Bot
31378,2025-04-11 17:39:50+00:00,"**ğŸ—£ About advertising in **@MentionBot
Since the support of our projects requires effort, time and money, and we do not have enough rare support [with donations](https://t.me/braindevs/97) from our users, we launch advertising in @MentionBot.

Read more: https://telegra.ph/About-advertising-in-MentionBot-06-25",Mention Bot
31341,2025-04-08 16:11:37+00:00,,Wally Mach
31313,2025-04-06 10:13:31+00:00,"**50000** ğ—¥ğ˜€ ğ—™ğ—¿ğ—²ğ—² ğ—£ğ—®ğ˜†ğ˜ğ—º ğŸ’°

 ğ—ğ—¢ğ—œğ—¡ ğ—ğ—¥ğ—¢ ğŸ‘‡ ğ—ğ—¢ğ—œğ—¡ ğ—ğ—¥ğ—¢ ğŸ‘‡

[CLICK HERE TO GET RS 5000 PAYTM
CLICK HERE TO GET RS 5000 PAYTM
CLICK HERE TO GET RS 5000 PAYTM](https://t.me/+TFqwguCgMjAyNTBl)

100+ GL WINNER LINKğŸ‘‡
 https://t.me/+37uSg73F6MVkMzk1",Mention Bot
31291,2025-04-04 16:33:42+00:00,"**âš¡ BIGGEST TECHNO MUSIC GIVEAWAY âš¡**

https://www.instagram.com/reel/DH34T4mMTXZ/?igsh=ZjhhcHdsb3FnbWJ5**

**https://www.instagram.com/reel/DH34T4mMTXZ/?igsh=ZjhhcHdsb3FnbWJ5**

**https://www.instagram.com/reel/DH34T4mMTXZ/?igsh=ZjhhcHdsb3FnbWJ5

RSB.PROMO** : **[Ğ¢Ğ•Ğ¥ĞĞĞ›ĞĞ“Ğ˜Ğ¯](https://www.instagram.com/reel/DH34T4mMTXZ/?igsh=ZjhhcHdsb3FnbWJ5)",Mention Bot
31282,2025-04-04 01:33:55+00:00,"**âš¡ BIGGEST TECHNO MUSIC GIVEAWAY âš¡**

https://www.instagram.com/reel/DH34T4mMTXZ/?igsh=ZjhhcHdsb3FnbWJ5**

**https://www.instagram.com/reel/DH34T4mMTXZ/?igsh=ZjhhcHdsb3FnbWJ5**

**https://www.instagram.com/reel/DH34T4mMTXZ/?igsh=ZjhhcHdsb3FnbWJ5

RSB.PROMO** : **[Ğ¢Ğ•Ğ¥ĞĞĞ›ĞĞ“Ğ˜Ğ¯](https://www.instagram.com/reel/DH34T4mMTXZ/?igsh=ZjhhcHdsb3FnbWJ5)",Mention Bot
31268,2025-04-02 23:23:34+00:00,"$FLOPPA LAUNCH IMMINENT

Floppa was born in the trenches, with one mission, to make them great again.

Best art, website and video content. CEX airdrop collabs prelaunch. IRL marketing campaign and much more. 

AIRDROP FOR NEW TG MEMBERS

t.me/+WSGgwmScp2I0MTg0

[#promo](https://t.me/MentionSponsored/89)",Mention Bot
31264,2025-04-02 17:16:46+00:00,"**âš¡ BIGGEST TECHNO MUSIC GIVEAWAY âš¡**

**https://www.instagram.com/reel/DH34T4mMTXZ/?igsh=ZjhhcHdsb3FnbWJ5****

****https://www.instagram.com/reel/DH34T4mMTXZ/?igsh=ZjhhcHdsb3FnbWJ5****

****https://www.instagram.com/reel/DH34T4mMTXZ/?igsh=ZjhhcHdsb3FnbWJ5**

RSB.PROMO** : **[Ğ¢Ğ•Ğ¥ĞĞĞ›ĞĞ“Ğ˜Ğ¯](https://www.instagram.com/reel/DH34T4mMTXZ/?igsh=ZjhhcHdsb3FnbWJ5)",Mention Bot
31134,2025-03-23 00:07:12+00:00,"FLOPPA TAKING OVER BNB

Floppa was born in BNB trenches, with one mission, to make them great again.

Best art, website and video content, all T1 kols, CEX airdrop collabs prelaunch, MM, IRL marketing campaign and much more. 

AIRDROP FOR NEW TG MEMBERS | 1500 signed up already.

t.me/+WSGgwmScp2I0MTg0

[#promo](https://t.me/MentionSponsored/89)",Mention Bot
31074,2025-03-18 02:53:59+00:00,"Floppa was born in the trenches, with one mission, to make them great again.

Best art, website and video content. CEX airdrop collabs prelaunch. IRL marketing campaign and much more. 

AIRDROP FOR NEW TG MEMBERS

t.me/+WSGgwmScp2I0MTg0

[#promo](https://t.me/MentionSponsored/89)",Mention Bot
31042,2025-03-15 13:28:58+00:00,"**Join The Secret World of the Elite**

**Power. Wealth. Women. The Life of a True High-Status 1% Man.**

Junaid is a **self-made multi millionaire, model, and entrepreneur**â€”a man who understands life at the highest level.

**Men:** Learn the mindset and chess moves of a man who commands respect wherever he goes.

**Women:** Get an exclusive look at the kind of man you dream ofâ€”a leader, a provider, an icon of success.

This isnâ€™t just another page. Itâ€™s a **masterclass in status, success, and attraction.**

**Tap in now:** https://t.me/meninfluencer

[#promo](https://t.me/MentionSponsored/89)",Mention Bot
30995,2025-03-11 16:52:35+00:00,"Literally frontrun calls, have access to alpha on cooks and always put community first.

**1 SOL GIVEAWAY FOR NEW MEMBERS**Â  ğŸ
https://t.me/frontruncalls

[#promo](https://t.me/MentionSponsored/89)",Mention Bot
30978,2025-03-10 09:47:21+00:00,"**ğŸš€ LIFE-CHANGING CALLS â€“ GET IN OR STAY BROKE ğŸ’°**

A few right plays can **flip your entire future**, and Iâ€™ve been catching them **BEFORE** they send:

ğŸ’¸ **1000X on ****$POPCAT**
ğŸ’¸ **550X on ****$SCF**

While others fumble the bag, **we print daily**. This isnâ€™t hypeâ€”itâ€™s **real alpha** that makes people rich.

ğŸ”¥ **100X+ gems before they explode**
ğŸ”¥ **Sniper calls that actually make money**
ğŸ”¥ **Free plays that send HARD**
ğŸ”¥ **Something MASSIVE coming soon ğŸ‘€**

You can **keep chasing pumps**â€¦ or **finally get ahead**. Your call.

ğŸ”— **Join now before you get left behind**: [https://t.me/alphaplays0](https://t.me/alphaplays0)",Mention Bot
30937,2025-03-07 01:52:29+00:00,"ğŸš€ ELITE MEMECOIN CALLS - FREE & WINNING BIG ğŸ’
 â€¢ 1000X on $POPCAT ğŸ‘‘
 â€¢ 550X on $SCF ğŸ¤™
 â€¢ 100X on $PJ ğŸš€ğŸ«¡

ğŸª„ **I called them all early:**
 â€¢ $POPCAT ğŸ³
 â€¢ $SCF ğŸ‘€
 â€¢ $PONKE ğŸ˜
 â€¢ $PJ super early ğŸš€
 â€¢ And donâ€™t forget $PNUTâ€”850X before anyone knew! ğŸ«¡

ğŸ”¥ **Hereâ€™s what youâ€™re getting:**
 â€¢ Consistent daily profits in the thousands ğŸ’¸
 â€¢ 90%+ win rate ğŸ¥‡
 â€¢ Exclusive **100X+ and even 1000X gems** in my private alpha group (spots opening soon ğŸ¤«)
 â€¢ FREE calls + a massive **giveaway** coming soon!

ğŸ’° **Donâ€™t miss out on the chance to secure your bag and join the winning team!**

Join here for life-changing plays + a big giveaway ğŸ‘‡ğŸ‘‡ğŸ‘‡
[https://t.me/alphaplays0](https://t.me/alphaplays0)

[#promo](https://t.me/MentionSponsored/89)",Mention Bot
30918,2025-03-05 12:42:05+00:00,[â£](https://telegra.ph/file/cc9517fd43939f4c89563.jpg)NÃƒO FIQUEM DE FORA DO MAIOR E MAIS LUCRATIVO TOKEN MEME DE TODOS.,Group Help
30915,2025-03-05 07:27:20+00:00,"**ğŸ—£ About advertising in **@MentionBot
Since the support of our projects requires effort, time and money, and we do not have enough rare support [with donations](https://t.me/braindevs/97) from our users, we launch advertising in @MentionBot.

Read more: https://telegra.ph/About-advertising-in-MentionBot-06-25",Mention Bot
30886,2025-03-03 00:33:43+00:00,"ğŸš€ ELITE MEMECOIN CALLS - FREE & WINNING BIG ğŸ’
 â€¢ 1000X on $POPCAT ğŸ‘‘
 â€¢ 550X on $SCF ğŸ¤™
 â€¢ 100X on $PJ ğŸš€ğŸ«¡

ğŸª„ **I called them all early:**
 â€¢ $POPCAT ğŸ³
 â€¢ $SCF ğŸ‘€
 â€¢ $PONKE ğŸ˜
 â€¢ $PJ super early ğŸš€
 â€¢ And donâ€™t forget $PNUTâ€”850X before anyone knew! ğŸ«¡

ğŸ”¥ **Hereâ€™s what youâ€™re getting:**
 â€¢ Consistent daily profits in the thousands ğŸ’¸
 â€¢ 90%+ win rate ğŸ¥‡
 â€¢ Exclusive **100X+ and even 1000X gems** in my private alpha group (spots opening soon ğŸ¤«)
 â€¢ FREE calls + a massive **giveaway** coming soon!

ğŸ’° **Donâ€™t miss out on the chance to secure your bag and join the winning team!**

Join here for life-changing plays + a big giveaway ğŸ‘‡ğŸ‘‡ğŸ‘‡
[https://t.me/alphaplays0](https://t.me/alphaplays0)

[#promo](https://t.me/MentionSponsored/89)",Mention Bot
30833,2025-02-26 16:24:39+00:00,"â€¼ï¸**JOIN OR RETARDED GAY DUMB NIGGA**â€¼ï¸

Recap of last 15 calls

$MITCH - 46X
$MLG - 34X
$JELLYBELLY - 33X
$CATRUMP - 6X
$ANA - 3.7X
$ICON - 3.2X
$DDS - 3X
$WHTS - 3X
$STINKY - 4X
$NORMIE - 4X
$DOOMER - 4X
$SHIBA - 2.5X
$MOO - 2X
$GUH - 2X
$TRIM - 2X
$J3FF - 0X
$SENDIT - 0X

If you put only 1,000$ in each call, you would have now 150,000$ 

(P,S, all of those were called in the **PAST MONTH**)

Don't believe me? unlike other fake niggas, you can just check channel history and see everything for yourself.

**JOIN NOWâ€¼ï¸ğŸ‘‡**

https://t.me/mduzcasino
https://t.me/mduzcasino
https://t.me/mduzcasino",Mention Bot
30830,2025-02-26 11:19:08+00:00,"Literally frontrun calls, have access to alpha on cooks and always put community first.

**1 SOL GIVEAWAY FOR NEW MEMBERS**  ğŸ
https://t.me/frontruncalls

[#promo](https://t.me/MentionSponsored/89)",Mention Bot
30827,2025-02-26 08:32:38+00:00,"Yo, you HAVE to check this outâ€”DeFAI is dropping a MASSIVE $DEFAI airdrop for top AI communities, and itâ€™s happening RIGHT NOW! ğŸš€ Just hold specific crypto tokens, and you could score big before their trading platform launches on February 27, 2025. This is your chance to jump into the future of DeFi and AIâ€”donâ€™t sleep on it! 

Details: https://x.com/trydefdotai/status/1893724365281435682

#DeFAI #CryptoAirdrop

[#promo](https://t.me/MentionSponsored/89)",Mention Bot
30775,2025-02-22 01:35:24+00:00,"Most underrated KOL in the space.

Last 30 days calls all tracked in TG.
Win rate: 82%

$Pnut - 600x, $Fred - 220x, $TRUST - 100x, $EzMoney - 80x, $Quat - 60x, $petunia - 55x

**1 SOL GIVEAWAY FOR NEW MEMBERS**  ğŸ
https://t.me/frontruncalls

[#promo](https://t.me/MentionSponsored/89)",Mention Bot
30763,2025-02-21 03:51:02+00:00,"**UPEX Update ğŸ“¢**

**UPEX Launchpad is back, stronger than ever** with a high-utility project your way.

**ğŸ”¥ How to Participate in the Seed Sale (FCFS):**

âœ… Hold **UPEX tokens** to be eligible
âœ… The **UPEX token** launches early next week
âœ… The **seed sale** will take place **24 hours after the UPEX token listing**

ğŸ“¢ **IDO details will be revealed alongside the seed sale announcement!**

Join UPEX Community ğŸ‘‰ https://t.me/UPEX_Launchpad

Weâ€™re back and bigger than ever! **Are you ready?** ğŸ”¥ #UPEX

[#promo](https://t.me/MentionSponsored/89)",Mention Bot
30759,2025-02-20 21:07:50+00:00,"One of the best TG callers in this space

1 SOL GIVEAWAY FOR NEW MEMBERS  ğŸğŸ‘‡ 

https://t.me/ZAGREBIAN


[#promo](https://t.me/MentionSponsored/89)",Mention Bot
30756,2025-02-20 17:19:43+00:00,,Wandinha ğŸ§™ğŸ¼â€â™€ï¸ğŸ§™ğŸ¼â€â™€ï¸ğŸ§™ğŸ¼â€â™€ï¸ğŸ§™ğŸ¼â€â™€ï¸ğŸ§™ğŸ¼â€â™€ï¸ğŸ§™ğŸ¼â€â™€ï¸ğŸ§™ğŸ¼â€â™€ï¸ğŸ§™ğŸ¼â€â™€ï¸ğŸ§™ğŸ¼â€â™€ï¸ğŸ§™ğŸ¼â€â™€ï¸
30753,2025-02-20 13:28:27+00:00,"ğŸš€ **$NXTT**** the next 100X Gem Is Just Getting Startedâ€¦Are You In? **ğŸš€

ğŸ”¥ **Why Now?**
âœ… $NXTT price **+120% **in 1 month!!!
âœ… **9000** token holders, **and growing**
âœ… $NXTT **massive token burn** introducing soon
âœ… More use cases** **and partnerships = More token demand
âœ… **Limited supply**â€”get in early
âœ… Upcoming **major marketing campaigns**
âœ… $NXTT Telegram Miniapp from **zero to 10k** users within a month!

ğŸ‘‰ **Get in before it's too late:** https://quickswap.exchange/#/swap?currency0=0xc2132D05D31c914a87C6611C10748AEb04B58e8F&currency1=0x0d0B8488222F7f83B23E365320a4021b12eAD608&swapIndex=0
AND

ğŸ¤‘ Start **farming** $NXTT the next 100x Gem for **FREE**: https://t.me/planet_ton_prod_bot/NextEarthMiniApp/start?startapp=1520978160 


ğŸ“‰ Cheap wonâ€™t last forever. Smart money moves before the hype.",Mention Bot
30742,2025-02-19 17:43:23+00:00,"ğŸ‘‡ This guy shilled ğŸ‘‡

**$JAILSTOOL **at** 2m **to** 220m (110x)**
$PNUT at 3m to 2.4b (**80x**)
$CHILLGUY at 5m to 580m (**116x**)

And is literally just winning on every single callâ€¦ğŸ”¥ â‰ï¸ 

**With a high **win ratio on his calls, this guy is one of the most **underrated channels on TG ğŸ’µ 
**
I strongly advise you to** join** his TG and give him a shot, you wonâ€™t regret it. 

I turned** 5 sol into 240** in one week aping his calls

**JOIN NOW OR GAY**ğŸ³ï¸â€ğŸŒˆğŸ‘‰ 
**https://t.me/calledbymaxi**  ** **
__**(**hes doing a big giveaway tomorrow)__",Mention Bot
30740,2025-02-19 14:59:33+00:00,"TELEGRAM GOING PRIVATE SOON!!!!âš ï¸

The market might be in a bad way right now but we are COOKING in the TG

Providing educational content as well as ALPHA on memecoins daily. 

Don't miss out on the next cooks! Lock TF IN! 

TG - https://t.me/memearmycall",Mention Bot
30730,2025-02-18 20:53:33+00:00,"ğŸ‘‡ This guy shilled ğŸ‘‡

**$JAILSTOOL **at** 2m **to** 220m (110x)**
$PNUT at 3m to 2.4b (**80x**)
$CHILLGUY at 5m to 580m (**116x**)

And is literally just winning on every single callâ€¦ğŸ”¥ â‰ï¸ 

**With a high **win ratio on his calls, this guy is one of the most **underrated channels on TG ğŸ’µ 
**
I strongly advise you to** join** his TG and give him a shot, you wonâ€™t regret it. 

I turned** 5 sol into 240** in one week aping his calls

**JOIN NOW OR GAY**ğŸ³ï¸â€ğŸŒˆğŸ‘‰ 
**https://t.me/calledbymaxi**  ** **
__**(**hes doing a big giveaway tomorrow)__",Mention Bot
30726,2025-02-18 14:48:37+00:00,"TELEGRAM GOING PRIVATE SOON!!!!âš ï¸

The market might be in a bad way right now but we are COOKING in the TG

Providing educational content as well as ALPHA on memecoins daily. 

Don't miss out on the next cooks! Lock TF IN! 

TG - https://t.me/memearmycall",Mention Bot
30723,2025-02-18 11:17:50+00:00,"The Only Channel with inside info and 94% Winning Rates ğŸ“¢

Will you miss the today's play â‰ï¸

Join & Enjoy ğŸ‘‰ https://t.me/earlysolbull",Mention Bot
30714,2025-02-17 20:23:34+00:00,"TINO has been on a run, banger after banger

**Last two weeks of calls
win rate: 90%**
**45x avg per call**

Literally free money if you're active in there.

**Join the telegram ASAP for GIVEAWAY** ğŸ‘‡

https://t.me/tinoplays",Mention Bot
30713,2025-02-17 19:13:13+00:00,"ğŸ‘‡ This guy shilled ğŸ‘‡

**$JAILSTOOL **at** 2m **to** 220m (110x)**
$PNUT at 3m to 2.4b (**80x**)
$CHILLGUY at 5m to 580m (**116x**)

And is literally just winning on every single callâ€¦ğŸ”¥ â‰ï¸ 

**With a high **win ratio on his calls, this guy is one of the most **underrated channels on TG ğŸ’µ 
**
I strongly advise you to** join** his TG and give him a shot, you wonâ€™t regret it. 

I turned** 5 sol into 240** in one week aping his calls

**JOIN NOW OR GAY**ğŸ³ï¸â€ğŸŒˆğŸ‘‰ 
**https://t.me/calledbymaxi**  ** **
__**(**hes doing a big giveaway tomorrow)__",Mention Bot
30711,2025-02-17 17:27:50+00:00,"TELEGRAM GOING PRIVATE SOON!!!!âš ï¸

The market might be in a bad way right now but we are COOKING in the TG

Providing educational content as well as ALPHA on memecoins daily. 

Don't miss out on the next cooks! Lock TF IN! 

TG - https://t.me/memearmycall",Mention Bot
30708,2025-02-17 13:07:55+00:00,"The Only Channel with inside info and 94% Winning Rates ğŸ“¢

Will you miss the today's play â‰ï¸

Join & Enjoy ğŸ‘‰ https://t.me/earlysolbull",Mention Bot
30698,2025-02-16 19:44:52+00:00,"TINO has been on a run, banger after banger

**Last two weeks of calls
win rate: 90%**
**45x avg per call**

Literally free money if you're active in there.

**Join the telegram ASAP for GIVEAWAY** ğŸ‘‡

https://t.me/tinoplays",Mention Bot
30696,2025-02-16 17:03:26+00:00,"ğŸ‘‡ This guy shilled ğŸ‘‡

**$JAILSTOOL **at** 2m **to** 220m (110x)**
$PNUT at 3m to 2.4b (**80x**)
$CHILLGUY at 5m to 580m (**116x**)

And is literally just winning on every single callâ€¦ğŸ”¥ â‰ï¸ 

**With a high **win ratio on his calls, this guy is one of the most **underrated channels on TG ğŸ’µ 
**
I strongly advise you to** join** his TG and give him a shot, you wonâ€™t regret it. 

I turned** 5 sol into 240** in one week aping his calls

**JOIN NOW OR GAY**ğŸ³ï¸â€ğŸŒˆğŸ‘‰ 
**https://t.me/calledbymaxi**  ** **
__**(**hes doing a big giveaway tomorrow)__",Mention Bot
30694,2025-02-16 14:50:07+00:00,"TELEGRAM GOING PRIVATE SOON!!!!âš ï¸

The market might be in a bad way right now but we are COOKING in the TG

Providing educational content as well as ALPHA on memecoins daily. 

Don't miss out on the next cooks! Lock TF IN! 

TG - https://t.me/memearmycall",Mention Bot
30692,2025-02-16 13:49:58+00:00,"The Only Channel with inside info and 94% Winning Rates ğŸ“¢

Will you miss the today's play â‰ï¸

Join & Enjoy ğŸ‘‰ https://t.me/earlysolbull",Mention Bot
30683,2025-02-15 21:44:55+00:00,"TINO has been on a run, banger after banger

**Last two weeks of calls
win rate: 90%**
**45x avg per call**

Literally free money if you're active in there.

**Join the telegram ASAP for GIVEAWAY** ğŸ‘‡

https://t.me/tinoplays",Mention Bot
30680,2025-02-15 17:33:29+00:00,"ğŸ‘‡ This guy shilled ğŸ‘‡

**$JAILSTOOL **at** 2m **to** 220m (110x)**
$PNUT at 3m to 2.4b (**80x**)
$CHILLGUY at 5m to 580m (**116x**)

And is literally just winning on every single callâ€¦ğŸ”¥ â‰ï¸ 

**With a high **win ratio on his calls, this guy is one of the most **underrated channels on TG ğŸ’µ 
**
I strongly advise you to** join** his TG and give him a shot, you wonâ€™t regret it. 

I turned** 5 sol into 240** in one week aping his calls

**JOIN NOW OR GAY**ğŸ³ï¸â€ğŸŒˆğŸ‘‰ 
**https://t.me/calledbymaxi**  ** **
__**(**hes doing a big giveaway tomorrow)__",Mention Bot
30678,2025-02-15 16:10:25+00:00,"TELEGRAM GOING PRIVATE SOON!!!!âš ï¸

The market might be in a bad way right now but we are COOKING in the TG

Providing educational content as well as ALPHA on memecoins daily. 

Don't miss out on the next cooks! Lock TF IN! 

TG - https://t.me/memearmycall",Mention Bot
30676,2025-02-15 13:17:10+00:00,"The Only Channel with inside info and 94% Winning Rates ğŸ“¢

Will you miss the today's play â‰ï¸

Join & Enjoy ğŸ‘‰ https://t.me/earlysolbull",Mention Bot
30669,2025-02-15 02:21:33+00:00,"**NEW**[ ](https://on.soundcloud.com/wtYqvmYWy165p93D6)**DROP FROM THE **[**RSB.PROMO**](https://t.me/RSB_pyatigorsk)** RESIDENT ğŸš¨**

Our DJ CUERROR recorded a fresh set that will charge you for a month ahead ğŸ˜

**Hurry up and **[follow the link](https://on.soundcloud.com/wtYqvmYWy165p93D6)** and enjoy ğŸ”Š
**
**https://on.soundcloud.com/wtYqvmYWy165p93D6**",Mention Bot
30666,2025-02-14 21:20:48+00:00,"TINO has been on a run, banger after banger

**Last two weeks of calls
win rate: 90%**
**45x avg per call**

Literally free money if you're active in there.

**Join the telegram ASAP for GIVEAWAY** ğŸ‘‡

https://t.me/tinoplays",Mention Bot
30664,2025-02-14 20:38:12+00:00,"ğŸ‘‡ This guy shilled ğŸ‘‡

**$JAILSTOOL **at** 2m **to** 220m (110x)**
$PNUT at 3m to 2.4b (**80x**)
$CHILLGUY at 5m to 580m (**116x**)

And is literally just winning on every single callâ€¦ğŸ”¥ â‰ï¸ 

**With a high **win ratio on his calls, this guy is one of the most **underrated channels on TG ğŸ’µ 
**
I strongly advise you to** join** his TG and give him a shot, you wonâ€™t regret it. 

I turned** 5 sol into 240** in one week aping his calls

**JOIN NOW OR GAY**ğŸ³ï¸â€ğŸŒˆğŸ‘‰ 
**https://t.me/calledbymaxi**  ** **
__**(**hes doing a big giveaway tomorrow)__",Mention Bot
30661,2025-02-14 16:35:07+00:00,"TELEGRAM GOING PRIVATE SOON!!!!âš ï¸

The market might be in a bad way right now but we are COOKING in the TG

Providing educational content as well as ALPHA on memecoins daily. 

Don't miss out on the next cooks! Lock TF IN! 

TG - https://t.me/memearmycall",Mention Bot
30660,2025-02-14 14:57:10+00:00,"The Only Channel with inside info and 94% Winning Rates ğŸ“¢

Will you miss the today's play â‰ï¸

Join & Enjoy ğŸ‘‰ https://t.me/earlysolbull",Mention Bot
30648,2025-02-13 18:21:46+00:00,"TINO has been on a run, banger after banger

**Last two weeks of calls
win rate: 90%**
**45x avg per call**

Literally free money if you're active in there.

**Join the telegram ASAP for GIVEAWAY** ğŸ‘‡

https://t.me/tinoplays",Mention Bot
30646,2025-02-13 16:33:17+00:00,"ğŸ‘‡ This guy shilled ğŸ‘‡

**$JAILSTOOL **at** 2m **to** 220m (110x)**
$PNUT at 3m to 2.4b (**80x**)
$CHILLGUY at 5m to 580m (**116x**)

And is literally just winning on every single callâ€¦ğŸ”¥ â‰ï¸ 

**With a high **win ratio on his calls, this guy is one of the most **underrated channels on TG ğŸ’µ 
**
I strongly advise you to** join** his TG and give him a shot, you wonâ€™t regret it. 

I turned** 5 sol into 240** in one week aping his calls

**JOIN NOW OR GAY**ğŸ³ï¸â€ğŸŒˆğŸ‘‰ 
**https://t.me/calledbymaxi**  ** **
__**(**hes doing a big giveaway tomorrow)__",Mention Bot
30645,2025-02-13 14:46:24+00:00,"TELEGRAM GOING PRIVATE SOON!!!!âš ï¸

The market might be in a bad way right now but we are COOKING in the TG

Providing educational content as well as ALPHA on memecoins daily. 

Don't miss out on the next cooks! Lock TF IN! 

TG - https://t.me/memearmycall",Mention Bot
30643,2025-02-13 12:43:55+00:00,"The Only Channel with inside info and 94% Winning Rates ğŸ“¢

Will you miss the today's play â‰ï¸

Join & Enjoy ğŸ‘‰ https://t.me/earlysolbull",Mention Bot
30631,2025-02-12 19:56:05+00:00,"This guyâ€™s track record is amazing , and heâ€™s sharing his insights for FREE.Â  

âœ… Win rate on his public channel: 90% 

Last few plays:

- 1150x Return on $TRUMP
- 180x Return on $MELANIA
- 65x Return on $COMCOIN

Making thousands of dollars every day. ğŸ’¸

Join here ğŸ‘‡ğŸ‘‡ğŸ‘‡

@calledbymaxi",Mention Bot
30629,2025-02-12 17:59:56+00:00,"BEST SHITCOIN CALLS & SOLID SOLANA PICKS!

JOIN TO GET UR BAGS UP

https://t.me/tinoplays ğŸ’°

DROPPING PLAYS DAILY

https://t.me/tinoplays ğŸš€

JOIN OR STAY POOR FOREVER

https://t.me/tinoplays ğŸ¤‘",Mention Bot
