title,media,date,datetime,desc,link,img
Analista diz que os investidores do XRP estão sendo enganados – eis o porquê,É Top Saber,á 4 horas,,"Nas últimas semanas, O XRP surgiu lenta mas seguramente Tornar-se uma das criptomoedas mais comentadas do espaço. Seu preço também aumentou constantemente...",https://etopsaber.com/analista-diz-que-os-investidores-do-xrp-estao-sendo-enganados-eis-o-porque,"data:image/gif;base64,R0lGODlhAQABAIAAAP///////yH5BAEKAAEALAAAAAABAAEAAAICTAEAOw=="
As alternativas mais altas ( Ripple ) para comprar agoraXRPenquanto Ethereum Rally acende o novo boom do Altcoin,Cryptopolitan,á 4 horas,,"Algumas alternativas XRP como Litecoin, Tezos (XTZ) chamaram nova atenção, à medida que Ethereum ultrapassa US $ 3.800 em entradas de ETF renovadas e surgem...",https://www.cryptopolitan.com/pt/top-ripple-xrp-alternatives-to-buy-now-as-ethereum-rally-ignites-new-altcoin-boom,"data:image/gif;base64,R0lGODlhAQABAIAAAP///////yH5BAEKAAEALAAAAAABAAEAAAICTAEAOw=="
RLUSD atinge novo marco : mais de 500M $ em capitalização,investx.fr,á 5 horas,,"RLUSD, o stablecoin da Ripple, ultrapassa 500 milhões de dólares. Entenda por que esse marco é essencial para o XRP e o setor cripto.",https://investx.fr/pt/noticias-cripto/rlusd-ultrapassa-500-milhoes-de-dolares-em-capitalizacao,"data:image/gif;base64,R0lGODlhAQABAIAAAP///////yH5BAEKAAEALAAAAAABAAEAAAICTAEAOw=="
XRP se torna mais valioso do que o McDonald’s em reformulação do mercado,Coin Edition,á 5 horas,,"XRP enfrenta resistência em US$ 3,65 após alta de 500%, sinalizando exaustão de curto prazo; Crossover MACD e RSI alto sugerem resfriamento do impulso após...",https://coinedition.com/pt-br/xrp-se-torna-mais-valioso-do-que-o-mcdonalds-em-reformulacao-do-mercado,"data:image/gif;base64,R0lGODlhAQABAIAAAP///////yH5BAEKAAEALAAAAAABAAEAAAICTAEAOw=="
Advogados desmascaram os rumores de despejo de custódia XRP - mas os pessimistas não vão embora,Cryptopolitan,á 6 horas,,"Ripple enfrenta o escrutínio renovado sobre os lançamentos de garantia XRP , mas especialistas e advogados jurídicos rejeitam reivindicações de manipulação...",https://www.cryptopolitan.com/pt/xrp-escrow-dump-rumors-debunked,"data:image/gif;base64,R0lGODlhAQABAIAAAP///////yH5BAEKAAEALAAAAAABAAEAAAICTAEAOw=="
"Melhor criptografia para comprar agora: Ripple (XRP) definido para atingir US $ 5, enquanto o Mutuum Finance (MutM) pode explodir 40x",Cryptopolitan,á 6 horas,,"À medida que julho ganha impulso, os comerciantes de criptografia estão se esforçando para se posicionar para o que poderia ser a melhor fuga de verão.",https://www.cryptopolitan.com/pt/best-crypto-to-buy-now-ripple-xrp-set-to-hit-5-while-mutuum-finance-mutm-could-explode-40x,"data:image/gif;base64,R0lGODlhAQABAIAAAP///////yH5BAEKAAEALAAAAAABAAEAAAICTAEAOw=="
Ripple vs SEC : Porquê o caso XRP continua em aberto ?,investx.fr,á 7 horas,,O confronto entre Ripple e a SEC continua. Entenda por que o caso XRP segue sem desfecho e o impacto disso para investidores.,https://investx.fr/pt/noticias-cripto/por-que-a-disputa-entre-ripple-e-a-sec-ainda-nao-chegou-ao-fim,"data:image/gif;base64,R0lGODlhAQABAIAAAP///////yH5BAEKAAEALAAAAAABAAEAAAICTAEAOw=="
Analista Afirma que Investidores de XRP Estão Sendo Lesados — Veja o Motivo,Cointimes,á 7 horas,,"Nas últimas semanas, o XRP tem subido lentamente, mas de forma constante, tornando-se uma das criptomoedas mais comentadas no mercado.",https://cointimes.com.br/analista-afirma-que-investidores-de-xrp-estao-sendo-lesados-veja-o-motivo,"data:image/gif;base64,R0lGODlhAQABAIAAAP///////yH5BAEKAAEALAAAAAABAAEAAAICTAEAOw=="
O Ripple está manipulando o preço do XRP? Bill Morgan desmascara a teoria do despejo de garantia,É Top Saber,á 7 horas,,"A estratégia de liberação de garantia do Ripple não é uma ferramenta de manipulação de preços, mas um sistema transparente criado para gerenciamento de...",https://etopsaber.com/o-ripple-esta-manipulando-o-preco-do-xrp-bill-morgan-desmascara-a-teoria-do-despejo-de-garantia,"data:image/gif;base64,R0lGODlhAQABAIAAAP///////yH5BAEKAAEALAAAAAABAAEAAAICTAEAOw=="
"O depósito de XRP é otimista, não um despejo; e as próprias palavras da SEC provam isso",Coin Edition,á 10 horas,,A Ripple Labs reduziu sua bolsa de custódia de XRP de 55 bilhões em 2017 para 35 bilhões em 2025; A análise de dados on-chain mostra que investidores...,https://coinedition.com/pt-br/o-deposito-de-xrp-e-otimista-nao-um-despejo-e-as-proprias-palavras-da-sec-provam-isso,"data:image/gif;base64,R0lGODlhAQABAIAAAP///////yH5BAEKAAEALAAAAAABAAEAAAICTAEAOw=="
